date,hour,demand,re,smp_model,smp_actual,smp_error,marginal_fuel,curtailment,Nuclear_base,Coal_lowcost,Coal_highcost,LNG_CC_low,LNG_CC_mid,LNG_GT_peak,Oil_peak,Hydro_fixed
2024-01-23,1,71882.0,752.1519499999999,61890.262443681815,143100.0,-81209.73755631818,lng,0.0,21000.0,19814.0,18094.0,5821.8480500000005,0.0,118.0,0.0,6282.0
2024-01-23,2,69535.0,725.89094,61845.202026681814,131420.0,-69574.79797331819,lng,0.0,21000.0,19814.0,18094.0,3501.1090600000025,0.0,118.0,0.0,6282.0
2024-01-23,3,68166.0,744.5882339999999,61845.202026681814,131420.0,-69574.79797331819,lng,0.0,21000.0,19814.0,18094.0,2113.4117660000047,0.0,118.0,0.0,6282.0
2024-01-23,4,67259.0,747.7170179999999,61845.202026681814,131420.0,-69574.79797331819,lng,0.0,21000.0,19814.0,18094.0,1203.2829820000043,0.0,118.0,0.0,6282.0
2024-01-23,5,67479.0,750.4460300000001,61845.202026681814,131420.0,-69574.79797331819,lng,0.0,21000.0,19814.0,18094.0,1420.5539699999936,0.0,118.0,0.0,6282.0
2024-01-23,6,69230.0,773.881915,61845.202026681814,131420.0,-69574.79797331819,lng,0.0,21000.0,19814.0,18094.0,3148.1180849999946,0.0,118.0,0.0,6282.0
2024-01-23,7,73179.0,754.6589590000001,61890.262443681815,137850.0,-75959.73755631818,lng,0.0,21000.0,19814.0,18094.0,7116.341041000007,0.0,118.0,0.0,6282.0
2024-01-23,8,79283.0,744.6472679999999,61935.322860681816,167390.0,-105454.67713931818,lng,0.0,21000.0,19814.0,18094.0,13230.352732,0.0,118.0,0.0,6282.0
2024-01-23,9,87237.0,995.8224749999999,60000.0,168320.0,-108320.0,hydro,0.0,21000.0,19814.0,18094.0,21591.0,0.0,118.0,0.0,5624.177525000006
2024-01-23,10,88662.0,1778.114617,60000.0,198320.0,-138320.0,hydro,0.0,21000.0,19814.0,18094.0,21591.0,0.0,118.0,0.0,6266.885383000001
2024-01-23,11,87554.0,2438.658679,60000.0,187070.0,-127070.0,hydro,0.0,21000.0,19814.0,18094.0,21591.0,0.0,118.0,0.0,4498.341321
2024-01-23,12,86138.0,2942.8737090000004,60000.0,180200.0,-120200.0,hydro,0.0,21000.0,19814.0,18094.0,21591.0,0.0,118.0,0.0,2578.126290999993
2024-01-23,13,82301.0,3080.7701779999998,61935.322860681816,164600.0,-102664.67713931818,lng,0.0,21000.0,19814.0,18094.0,13912.229821999994,0.0,118.0,0.0,6282.0
2024-01-23,14,85110.0,3124.505777,60000.0,167030.0,-107030.0,hydro,0.0,21000.0,19814.0,18094.0,21591.0,0.0,118.0,0.0,1368.4942230000015
2024-01-23,15,86501.0,2788.2631389999997,60000.0,172110.0,-112110.0,hydro,0.0,21000.0,19814.0,18094.0,21591.0,0.0,118.0,0.0,3095.7368609999976
2024-01-23,16,87484.0,2319.775434,60000.0,189160.0,-129160.0,hydro,0.0,21000.0,19814.0,18094.0,21591.0,0.0,118.0,0.0,4547.224566000004
2024-01-23,17,89231.0,2073.80772,80049.927979,185470.0,-105420.072021,lng,0.0,21000.0,19814.0,18094.0,21591.0,258.19228000000294,118.0,0.0,6282.0
2024-01-23,18,89210.0,1462.4246269999999,80049.927979,182430.0,-102380.072021,lng,0.0,21000.0,19814.0,18094.0,21591.0,848.5753729999997,118.0,0.0,6282.0
2024-01-23,19,87474.0,1214.617403,60000.0,172310.0,-112310.0,hydro,0.0,21000.0,19814.0,18094.0,21591.0,0.0,118.0,0.0,5642.382597000003
2024-01-23,20,85116.0,1145.684061,60000.0,167380.0,-107380.0,hydro,0.0,21000.0,19814.0,18094.0,21591.0,0.0,118.0,0.0,3353.315938999993
2024-01-23,21,81576.0,1034.5182260000001,61935.322860681816,165520.0,-103584.67713931818,lng,0.0,21000.0,19814.0,18094.0,15233.481774,0.0,118.0,0.0,6282.0
2024-01-23,22,78627.0,959.701255,61935.322860681816,163270.0,-101334.67713931818,lng,0.0,21000.0,19814.0,18094.0,12359.298745000007,0.0,118.0,0.0,6282.0
2024-01-23,23,77589.0,894.357071,61935.322860681816,163250.0,-101314.67713931818,lng,0.0,21000.0,19814.0,18094.0,11386.642928999994,0.0,118.0,0.0,6282.0
2024-01-23,24,76898.0,852.0428260000001,61890.262443681815,167070.0,-105179.73755631818,lng,0.0,21000.0,19814.0,18094.0,10737.957173999996,0.0,118.0,0.0,6282.0
2024-02-12,1,55469.0,378.62384899999995,29396.047500833334,100410.0,-71013.95249916667,coal,0.0,21000.0,19814.0,14276.376150999997,0.0,0.0,0.0,0.0,0.0
2024-02-12,2,53235.0,238.764669,29128.120595833334,100410.0,-71281.87940416667,coal,0.0,21000.0,19814.0,12182.235331000003,0.0,0.0,0.0,0.0,0.0
2024-02-12,3,51866.0,171.312184,29128.120595833334,92060.0,-62931.87940416667,coal,0.0,21000.0,19814.0,10880.687815999998,0.0,0.0,0.0,0.0,0.0
2024-02-12,4,51276.0,135.16603899999998,29128.120595833334,83710.0,-54581.87940416667,coal,0.0,21000.0,19814.0,10326.833960999997,0.0,0.0,0.0,0.0,0.0
2024-02-12,5,51489.0,123.265247,29128.120595833334,90280.0,-61151.87940416667,coal,0.0,21000.0,19814.0,10551.734752999997,0.0,0.0,0.0,0.0,0.0
2024-02-12,6,52437.0,165.651969,29128.120595833334,92470.0,-63341.87940416667,coal,0.0,21000.0,19814.0,11457.348031000001,0.0,0.0,0.0,0.0,0.0
2024-02-12,7,53718.0,214.06967799999998,29128.120595833334,100410.0,-71281.87940416667,coal,0.0,21000.0,19814.0,12689.930322,0.0,0.0,0.0,0.0,0.0
2024-02-12,8,54838.0,250.59390199999999,29396.047500833334,100410.0,-71013.95249916667,coal,0.0,21000.0,19814.0,13773.406098,0.0,0.0,0.0,0.0,0.0
2024-02-12,9,53833.0,1121.6946249999999,29128.120595833334,96290.0,-67161.87940416667,coal,0.0,21000.0,19814.0,11897.305375000004,0.0,0.0,0.0,0.0,0.0
2024-02-12,10,49807.0,2728.593099,28860.193690833334,83710.0,-54849.80630916667,coal,0.0,21000.0,19814.0,6264.406901000002,0.0,0.0,0.0,0.0,0.0
2024-02-12,11,47314.0,3871.065302,28592.266785833333,75360.0,-46767.73321416667,coal,0.0,21000.0,19814.0,2628.9346979999973,0.0,0.0,0.0,0.0,0.0
2024-02-12,12,45323.0,4661.800791000001,27012.278673166667,74780.0,-47767.72132683333,coal,0.0,21000.0,19661.199209,0.0,0.0,0.0,0.0,0.0,0.0
2024-02-12,13,43546.0,5185.234278,22982.555339833332,0.0,22982.555339833332,coal,0.0,21000.0,17360.765721999996,0.0,0.0,0.0,0.0,0.0,0.0
2024-02-12,14,43627.0,5526.5624099999995,22982.555339833332,6870.0,16112.555339833332,coal,0.0,21000.0,17100.43759,0.0,0.0,0.0,0.0,0.0,0.0
2024-02-12,15,44842.0,5388.844114,27012.278673166667,75360.0,-48347.72132683333,coal,0.0,21000.0,18453.155886,0.0,0.0,0.0,0.0,0.0,0.0
2024-02-12,16,47389.0,4315.667649,28592.266785833333,75360.0,-46767.73321416667,coal,0.0,21000.0,19814.0,2259.3323509999973,0.0,0.0,0.0,0.0,0.0
2024-02-12,17,51882.0,3008.1381690000003,28860.193690833334,96290.0,-67429.80630916667,coal,0.0,21000.0,19814.0,8059.861831000002,0.0,0.0,0.0,0.0,0.0
2024-02-12,18,56975.0,1700.570734,29396.047500833334,104710.0,-75313.95249916667,coal,0.0,21000.0,19814.0,14460.429266,0.0,0.0,0.0,0.0,0.0
2024-02-12,19,60751.0,1485.492509,60000.0,100410.0,-40410.0,hydro,0.0,21000.0,19814.0,18094.0,0.0,0.0,118.0,0.0,239.50749099999666
2024-02-12,20,61340.0,1509.7461990000002,60000.0,100410.0,-40410.0,hydro,0.0,21000.0,19814.0,18094.0,0.0,0.0,118.0,0.0,804.2538009999989
2024-02-12,21,60882.0,1296.094283,60000.0,100410.0,-40410.0,hydro,0.0,21000.0,19814.0,18094.0,0.0,0.0,118.0,0.0,559.9057170000015
2024-02-12,22,59813.0,926.5725709999999,29396.047500833334,100410.0,-71013.95249916667,coal,0.0,21000.0,19814.0,18072.427429000003,0.0,0.0,0.0,0.0,0.0
2024-02-12,23,59605.0,819.315151,29396.047500833334,100410.0,-71013.95249916667,coal,0.0,21000.0,19814.0,17971.684848999997,0.0,0.0,0.0,0.0,0.0
2024-02-12,24,59172.0,772.467852,29396.047500833334,100410.0,-71013.95249916667,coal,0.0,21000.0,19814.0,17585.532148,0.0,0.0,0.0,0.0,0.0
2024-03-05,1,62787.0,220.119986,60000.0,100130.0,-40130.0,hydro,0.0,22000.0,19814.0,18094.0,0.0,0.0,118.0,0.0,2540.880014000002
2024-03-05,2,60543.0,269.263705,60000.0,94800.0,-34800.0,hydro,0.0,22000.0,19814.0,18094.0,0.0,0.0,118.0,0.0,247.73629500000243
2024-03-05,3,59229.0,286.71786599999996,29396.047500833334,94800.0,-65403.95249916667,coal,0.0,22000.0,19814.0,17128.282134,0.0,0.0,0.0,0.0,0.0
2024-03-05,4,58851.0,295.163984,29396.047500833334,94800.0,-65403.95249916667,coal,0.0,22000.0,19814.0,16741.836016,0.0,0.0,0.0,0.0,0.0
2024-03-05,5,59395.0,283.842328,29396.047500833334,94800.0,-65403.95249916667,coal,0.0,22000.0,19814.0,17297.157672,0.0,0.0,0.0,0.0,0.0
2024-03-05,6,61261.0,300.352621,60000.0,94800.0,-34800.0,hydro,0.0,22000.0,19814.0,18094.0,0.0,0.0,118.0,0.0,934.6473790000018
2024-03-05,7,65135.0,302.351328,60000.0,105850.0,-45850.0,hydro,0.0,22000.0,19814.0,18094.0,0.0,0.0,118.0,0.0,4806.648672000003
2024-03-05,8,71120.0,395.77717,61845.202026681814,107380.0,-45534.797973318186,lng,0.0,22000.0,19814.0,18094.0,4416.222829999999,0.0,118.0,0.0,6282.0
2024-03-05,9,78269.0,583.733023,61935.322860681816,159690.0,-97754.67713931818,lng,0.0,22000.0,19814.0,18094.0,11377.266977000007,0.0,118.0,0.0,6282.0
2024-03-05,10,81224.0,861.406877,61935.322860681816,177250.0,-115314.67713931818,lng,0.0,22000.0,19814.0,18094.0,14054.593122999999,0.0,118.0,0.0,6282.0
2024-03-05,11,81691.0,1072.003934,61935.322860681816,163120.0,-101184.67713931818,lng,0.0,22000.0,19814.0,18094.0,14310.996066000007,0.0,118.0,0.0,6282.0
2024-03-05,12,80001.0,1136.475052,61935.322860681816,163390.0,-101454.67713931818,lng,0.0,22000.0,19814.0,18094.0,12556.524948000006,0.0,118.0,0.0,6282.0
2024-03-05,13,76918.0,1095.032181,61890.262443681815,146270.0,-84379.73755631818,lng,0.0,22000.0,19814.0,18094.0,9514.967818999998,0.0,118.0,0.0,6282.0
2024-03-05,14,79306.0,1031.106542,61935.322860681816,163390.0,-101454.67713931818,lng,0.0,22000.0,19814.0,18094.0,11966.893458000006,0.0,118.0,0.0,6282.0
2024-03-05,15,79546.0,895.258332,61935.322860681816,157400.0,-95464.67713931818,lng,0.0,22000.0,19814.0,18094.0,12342.741668000002,0.0,118.0,0.0,6282.0
2024-03-05,16,78850.0,837.079833,61935.322860681816,162570.0,-100634.67713931818,lng,0.0,22000.0,19814.0,18094.0,11704.920167000004,0.0,118.0,0.0,6282.0
2024-03-05,17,78501.0,958.151766,61935.322860681816,157010.0,-95074.67713931818,lng,0.0,22000.0,19814.0,18094.0,11234.848234000005,0.0,118.0,0.0,6282.0
2024-03-05,18,77025.0,729.5511710000001,61890.262443681815,153800.0,-91909.73755631818,lng,0.0,22000.0,19814.0,18094.0,9987.448829,0.0,118.0,0.0,6282.0
2024-03-05,19,76558.0,576.497742,61890.262443681815,153560.0,-91669.73755631818,lng,0.0,22000.0,19814.0,18094.0,9673.502257999993,0.0,118.0,0.0,6282.0
2024-03-05,20,75040.0,501.536248,61890.262443681815,148780.0,-86889.73755631818,lng,0.0,22000.0,19814.0,18094.0,8230.463751999996,0.0,118.0,0.0,6282.0
2024-03-05,21,72180.0,482.50116199999997,61845.202026681814,153560.0,-91714.79797331819,lng,0.0,22000.0,19814.0,18094.0,5389.4988379999995,0.0,118.0,0.0,6282.0
2024-03-05,22,69847.0,448.905101,61845.202026681814,154060.0,-92214.79797331819,lng,0.0,22000.0,19814.0,18094.0,3090.0948990000034,0.0,118.0,0.0,6282.0
2024-03-05,23,69026.0,430.902448,61845.202026681814,131230.0,-69384.79797331819,lng,0.0,22000.0,19814.0,18094.0,2287.0975520000065,0.0,118.0,0.0,6282.0
2024-03-05,24,68027.0,404.110278,61845.202026681814,131190.0,-69344.79797331819,lng,0.0,22000.0,19814.0,18094.0,1314.8897220000072,0.0,118.0,0.0,6282.0
2024-05-16,1,53331.0,863.757102,29128.120595833334,105050.0,-75921.87940416667,coal,0.0,20000.0,19814.0,12653.242897999997,0.0,0.0,0.0,0.0,0.0
2024-05-16,2,51632.0,924.7773060000001,29128.120595833334,91070.0,-61941.87940416667,coal,0.0,20000.0,19814.0,10893.222693999996,0.0,0.0,0.0,0.0,0.0
2024-05-16,3,50756.0,951.808457,29128.120595833334,90700.0,-61571.87940416667,coal,0.0,20000.0,19814.0,9990.191543,0.0,0.0,0.0,0.0,0.0
2024-05-16,4,50241.0,983.4613519999999,29128.120595833334,91300.0,-62171.87940416667,coal,0.0,20000.0,19814.0,9443.538648000002,0.0,0.0,0.0,0.0,0.0
2024-05-16,5,50441.0,1039.122437,29128.120595833334,94590.0,-65461.87940416667,coal,0.0,20000.0,19814.0,9587.877563000002,0.0,0.0,0.0,0.0,0.0
2024-05-16,6,51332.0,1007.4385050000001,29128.120595833334,105050.0,-75921.87940416667,coal,0.0,20000.0,19814.0,10510.561495000002,0.0,0.0,0.0,0.0,0.0
2024-05-16,7,53543.0,1319.142559,29128.120595833334,105050.0,-75921.87940416667,coal,0.0,20000.0,19814.0,12409.857441,0.0,0.0,0.0,0.0,0.0
2024-05-16,8,55274.0,2331.153895,29128.120595833334,113980.0,-84851.87940416667,coal,0.0,20000.0,19814.0,13128.846104999997,0.0,0.0,0.0,0.0,0.0
2024-05-16,9,56802.0,3655.268884,29128.120595833334,134650.0,-105521.87940416667,coal,0.0,20000.0,19814.0,13332.731116000003,0.0,0.0,0.0,0.0,0.0
2024-05-16,10,56486.0,4865.813787,29128.120595833334,140340.0,-111211.87940416667,coal,0.0,20000.0,19814.0,11806.186213,0.0,0.0,0.0,0.0,0.0
2024-05-16,11,54799.0,5573.714289,29128.120595833334,135670.0,-106541.87940416667,coal,0.0,20000.0,19814.0,9411.285711000004,0.0,0.0,0.0,0.0,0.0
2024-05-16,12,51822.0,6298.243679,28860.193690833334,132330.0,-103469.80630916667,coal,0.0,20000.0,19814.0,5709.756321000001,0.0,0.0,0.0,0.0,0.0
2024-05-16,13,49045.0,6889.358754,28592.266785833333,132230.0,-103637.73321416667,coal,0.0,20000.0,19814.0,2341.6412459999992,0.0,0.0,0.0,0.0,0.0
2024-05-16,14,51918.0,6932.120889,28860.193690833334,146210.0,-117349.80630916667,coal,0.0,20000.0,19814.0,5171.879111000002,0.0,0.0,0.0,0.0,0.0
2024-05-16,15,53862.0,6746.749986000001,28860.193690833334,146210.0,-117349.80630916667,coal,0.0,20000.0,19814.0,7301.2500139999975,0.0,0.0,0.0,0.0,0.0
2024-05-16,16,56086.0,5855.762987,29128.120595833334,134880.0,-105751.87940416667,coal,0.0,20000.0,19814.0,10416.237012999998,0.0,0.0,0.0,0.0,0.0
2024-05-16,17,59449.0,4575.163302999999,29396.047500833334,146210.0,-116813.95249916667,coal,0.0,20000.0,19814.0,15059.836696999999,0.0,0.0,0.0,0.0,0.0
2024-05-16,18,61964.0,3128.2831450000003,60000.0,159480.0,-99480.0,hydro,0.0,20000.0,19814.0,18094.0,0.0,0.0,118.0,0.0,809.7168549999988
2024-05-16,19,64460.0,1908.320781,60000.0,133450.0,-73450.0,hydro,0.0,20000.0,19814.0,18094.0,0.0,0.0,118.0,0.0,4525.679218999998
2024-05-16,20,65411.0,1412.6260790000001,60000.0,135810.0,-75810.0,hydro,0.0,20000.0,19814.0,18094.0,0.0,0.0,118.0,0.0,5972.3739209999985
2024-05-16,21,64498.0,1185.680101,60000.0,135570.0,-75570.0,hydro,0.0,20000.0,19814.0,18094.0,0.0,0.0,118.0,0.0,5286.319899000002
2024-05-16,22,62425.0,914.171392,60000.0,130030.0,-70030.0,hydro,0.0,20000.0,19814.0,18094.0,0.0,0.0,118.0,0.0,3484.8286080000034
2024-05-16,23,61221.0,593.8750210000001,60000.0,124650.0,-64650.0,hydro,0.0,20000.0,19814.0,18094.0,0.0,0.0,118.0,0.0,2601.124979
2024-05-16,24,59321.0,579.866405,60000.0,113600.0,-53600.0,hydro,0.0,20000.0,19814.0,18094.0,0.0,0.0,118.0,0.0,715.1335949999993
2024-05-22,1,56711.0,67.143134,29396.047500833334,114620.0,-85223.95249916667,coal,0.0,20000.0,19814.0,16829.856866000002,0.0,0.0,0.0,0.0,0.0
2024-05-22,2,54797.0,59.174651999999995,29396.047500833334,114710.0,-85313.95249916667,coal,0.0,20000.0,19814.0,14923.825347999998,0.0,0.0,0.0,0.0,0.0
2024-05-22,3,53886.0,73.166041,29396.047500833334,98970.0,-69573.95249916667,coal,0.0,20000.0,19814.0,13998.833959000003,0.0,0.0,0.0,0.0,0.0
2024-05-22,4,53832.0,76.822383,29396.047500833334,95110.0,-65713.95249916667,coal,0.0,20000.0,19814.0,13941.177617000001,0.0,0.0,0.0,0.0,0.0
2024-05-22,5,53755.0,86.340481,29396.047500833334,95110.0,-65713.95249916667,coal,0.0,20000.0,19814.0,13854.659519,0.0,0.0,0.0,0.0,0.0
2024-05-22,6,54393.0,115.225684,29396.047500833334,101860.0,-72463.95249916667,coal,0.0,20000.0,19814.0,14463.774316000003,0.0,0.0,0.0,0.0,0.0
2024-05-22,7,56250.0,483.42744700000003,29396.047500833334,114460.0,-85063.95249916667,coal,0.0,20000.0,19814.0,15952.572552999998,0.0,0.0,0.0,0.0,0.0
2024-05-22,8,59019.0,1222.886661,29396.047500833334,113600.0,-84203.95249916667,coal,0.0,20000.0,19814.0,17982.113339000003,0.0,0.0,0.0,0.0,0.0
2024-05-22,9,61204.0,2322.458002,60000.0,138720.0,-78720.0,hydro,0.0,20000.0,19814.0,18094.0,0.0,0.0,118.0,0.0,855.5419980000006
2024-05-22,10,61069.0,3569.704415,29396.047500833334,142520.0,-113123.95249916667,coal,0.0,20000.0,19814.0,17685.295585,0.0,0.0,0.0,0.0,0.0
2024-05-22,11,60008.0,4197.86592,29396.047500833334,137400.0,-108003.95249916667,coal,0.0,20000.0,19814.0,15996.134080000003,0.0,0.0,0.0,0.0,0.0
2024-05-22,12,58124.0,4800.231547,29128.120595833334,142230.0,-113101.87940416667,coal,0.0,20000.0,19814.0,13509.768452999997,0.0,0.0,0.0,0.0,0.0
2024-05-22,13,56197.0,5141.820726,29128.120595833334,135680.0,-106551.87940416667,coal,0.0,20000.0,19814.0,11241.179274000002,0.0,0.0,0.0,0.0,0.0
2024-05-22,14,60055.0,5165.741988,29396.047500833334,135680.0,-106283.95249916667,coal,0.0,20000.0,19814.0,15075.258011999998,0.0,0.0,0.0,0.0,0.0
2024-05-22,15,62404.0,4821.246341,29396.047500833334,142540.0,-113143.95249916667,coal,0.0,20000.0,19814.0,17768.753659,0.0,0.0,0.0,0.0,0.0
2024-05-22,16,64373.0,4178.833209,60000.0,137060.0,-77060.0,hydro,0.0,20000.0,19814.0,18094.0,0.0,0.0,118.0,0.0,2168.166790999996
2024-05-22,17,66539.0,3460.773387,60000.0,140630.0,-80630.0,hydro,0.0,20000.0,19814.0,18094.0,0.0,0.0,118.0,0.0,5052.226612999999
2024-05-22,18,67340.0,2538.0392460000003,61845.202026681814,141570.0,-79724.79797331819,lng,0.0,20000.0,19814.0,18094.0,493.9607539999997,0.0,118.0,0.0,6282.0
2024-05-22,19,68434.0,1737.7579119999998,61845.202026681814,141980.0,-80134.79797331819,lng,0.0,20000.0,19814.0,18094.0,2388.242087999999,0.0,118.0,0.0,6282.0
2024-05-22,20,68837.0,1406.002364,61845.202026681814,149100.0,-87254.79797331819,lng,0.0,20000.0,19814.0,18094.0,3122.997636,0.0,118.0,0.0,6282.0
2024-05-22,21,67553.0,1263.38614,61845.202026681814,153710.0,-91864.79797331819,lng,0.0,20000.0,19814.0,18094.0,1981.6138599999977,0.0,118.0,0.0,6282.0
2024-05-22,22,65248.0,935.66239,61845.202026681814,141750.0,-79904.79797331819,lng,0.0,20000.0,19814.0,18094.0,4.337610000002314,0.0,118.0,0.0,6282.0
2024-05-22,23,63511.0,614.978889,60000.0,140130.0,-80130.0,hydro,0.0,20000.0,19814.0,18094.0,0.0,0.0,118.0,0.0,4870.021111000002
2024-05-22,24,60973.0,544.7914959999999,60000.0,140130.0,-80130.0,hydro,0.0,20000.0,19814.0,18094.0,0.0,0.0,118.0,0.0,2402.208504000002
2024-06-16,1,56376.0,170.050507,29396.047500833334,97910.0,-68513.95249916667,coal,0.0,20000.0,19814.0,16391.949493,0.0,0.0,0.0,0.0,0.0
2024-06-16,2,54065.0,209.14325300000002,29396.047500833334,96950.0,-67553.95249916667,coal,0.0,20000.0,19814.0,14041.856746999998,0.0,0.0,0.0,0.0,0.0
2024-06-16,3,52575.0,255.96645900000001,29128.120595833334,95150.0,-66021.87940416667,coal,0.0,20000.0,19814.0,12505.033540999997,0.0,0.0,0.0,0.0,0.0
2024-06-16,4,51543.0,315.02318,29128.120595833334,87410.0,-58281.87940416667,coal,0.0,20000.0,19814.0,11413.976820000003,0.0,0.0,0.0,0.0,0.0
2024-06-16,5,51124.0,363.691219,29128.120595833334,87410.0,-58281.87940416667,coal,0.0,20000.0,19814.0,10946.308781,0.0,0.0,0.0,0.0,0.0
2024-06-16,6,50930.0,402.874441,29128.120595833334,95100.0,-65971.87940416667,coal,0.0,20000.0,19814.0,10713.125559,0.0,0.0,0.0,0.0,0.0
2024-06-16,7,51051.0,789.385483,29128.120595833334,95160.0,-66031.87940416667,coal,0.0,20000.0,19814.0,10447.614517000002,0.0,0.0,0.0,0.0,0.0
2024-06-16,8,50042.0,1743.081123,28860.193690833334,95230.0,-66369.80630916667,coal,0.0,20000.0,19814.0,8484.918877000004,0.0,0.0,0.0,0.0,0.0
2024-06-16,9,48749.0,2951.554522,28860.193690833334,95220.0,-66359.80630916667,coal,0.0,20000.0,19814.0,5983.4454780000015,0.0,0.0,0.0,0.0,0.0
2024-06-16,10,48483.0,4145.662411,28592.266785833333,96790.0,-68197.73321416667,coal,0.0,20000.0,19814.0,4523.3375890000025,0.0,0.0,0.0,0.0,0.0
2024-06-16,11,48838.0,4840.609951,28592.266785833333,99500.0,-70907.73321416667,coal,0.0,20000.0,19814.0,4183.390049000001,0.0,0.0,0.0,0.0,0.0
2024-06-16,12,48630.0,5316.175992,28592.266785833333,118800.0,-90207.73321416667,coal,0.0,20000.0,19814.0,3499.824007999996,0.0,0.0,0.0,0.0,0.0
2024-06-16,13,49111.0,5557.780541,28592.266785833333,117200.0,-88607.73321416667,coal,0.0,20000.0,19814.0,3739.219459,0.0,0.0,0.0,0.0,0.0
2024-06-16,14,50489.0,5536.668049,28860.193690833334,139040.0,-110179.80630916667,coal,0.0,20000.0,19814.0,5138.331951,0.0,0.0,0.0,0.0,0.0
2024-06-16,15,51668.0,5287.46798,28860.193690833334,120110.0,-91249.80630916667,coal,0.0,20000.0,19814.0,6566.532019999999,0.0,0.0,0.0,0.0,0.0
2024-06-16,16,53326.0,4664.2331429999995,28860.193690833334,125610.0,-96749.80630916667,coal,0.0,20000.0,19814.0,8847.766857000002,0.0,0.0,0.0,0.0,0.0
2024-06-16,17,56319.0,3830.062174,29128.120595833334,139300.0,-110171.87940416667,coal,0.0,20000.0,19814.0,12674.937826000001,0.0,0.0,0.0,0.0,0.0
2024-06-16,18,59863.0,2744.014926,29396.047500833334,138720.0,-109323.95249916667,coal,0.0,20000.0,19814.0,17304.985073999997,0.0,0.0,0.0,0.0,0.0
2024-06-16,19,62613.0,1783.265828,60000.0,135120.0,-75120.0,hydro,0.0,20000.0,19814.0,18094.0,0.0,0.0,118.0,0.0,2803.7341719999968
2024-06-16,20,63559.0,1236.32703,60000.0,135120.0,-75120.0,hydro,0.0,20000.0,19814.0,18094.0,0.0,0.0,118.0,0.0,4296.67297
2024-06-16,21,63577.0,1031.569696,60000.0,138920.0,-78920.0,hydro,0.0,20000.0,19814.0,18094.0,0.0,0.0,118.0,0.0,4519.430304000001
2024-06-16,22,61605.0,712.289675,60000.0,125680.0,-65680.0,hydro,0.0,20000.0,19814.0,18094.0,0.0,0.0,118.0,0.0,2866.710325
2024-06-16,23,59389.0,468.335038,60000.0,116970.0,-56970.0,hydro,0.0,20000.0,19814.0,18094.0,0.0,0.0,118.0,0.0,894.6649620000026
2024-06-16,24,56875.0,380.676737,29396.047500833334,99860.0,-70463.95249916667,coal,0.0,20000.0,19814.0,16680.323263,0.0,0.0,0.0,0.0,0.0
2024-06-21,1,61356.0,35.744915999999996,60000.0,122560.0,-62560.0,hydro,0.0,20000.0,19814.0,18094.0,0.0,0.0,118.0,0.0,3294.2550839999967
2024-06-21,2,58858.0,16.179523,60000.0,109440.0,-49440.0,hydro,0.0,20000.0,19814.0,18094.0,0.0,0.0,118.0,0.0,815.8204770000011
2024-06-21,3,57390.0,18.175386,29396.047500833334,98980.0,-69583.95249916667,coal,0.0,20000.0,19814.0,17557.824613999997,0.0,0.0,0.0,0.0,0.0
2024-06-21,4,56475.0,23.804092999999998,29396.047500833334,99270.0,-69873.95249916667,coal,0.0,20000.0,19814.0,16637.195907,0.0,0.0,0.0,0.0,0.0
2024-06-21,5,56308.0,20.749936,29396.047500833334,99270.0,-69873.95249916667,coal,0.0,20000.0,19814.0,16473.250064,0.0,0.0,0.0,0.0,0.0
2024-06-21,6,56911.0,74.574157,29396.047500833334,101630.0,-72233.95249916667,coal,0.0,20000.0,19814.0,17022.425842999997,0.0,0.0,0.0,0.0,0.0
2024-06-21,7,59072.0,523.74882,60000.0,117270.0,-57270.0,hydro,0.0,20000.0,19814.0,18094.0,0.0,0.0,118.0,0.0,522.2511799999993
2024-06-21,8,62539.0,1367.2536949999999,60000.0,132720.0,-72720.0,hydro,0.0,20000.0,19814.0,18094.0,0.0,0.0,118.0,0.0,3145.7463050000006
2024-06-21,9,66951.0,2473.785702,61845.202026681814,136130.0,-74284.79797331819,lng,0.0,20000.0,19814.0,18094.0,169.21429799999896,0.0,118.0,0.0,6282.0
2024-06-21,10,70225.0,3195.4471049999997,61845.202026681814,137870.0,-76024.79797331819,lng,0.0,20000.0,19814.0,18094.0,2721.5528950000007,0.0,118.0,0.0,6282.0
2024-06-21,11,71523.0,3824.188674,61845.202026681814,139650.0,-77804.79797331819,lng,0.0,20000.0,19814.0,18094.0,3390.8113259999955,0.0,118.0,0.0,6282.0
2024-06-21,12,70634.0,4400.504658,61845.202026681814,145160.0,-83314.79797331819,lng,0.0,20000.0,19814.0,18094.0,1925.4953419999947,0.0,118.0,0.0,6282.0
2024-06-21,13,69351.0,4642.2646669999995,61845.202026681814,139150.0,-77304.79797331819,lng,0.0,20000.0,19814.0,18094.0,400.7353330000042,0.0,118.0,0.0,6282.0
2024-06-21,14,72828.0,4896.334564000001,61845.202026681814,167060.0,-105214.79797331819,lng,0.0,20000.0,19814.0,18094.0,3623.6654359999957,0.0,118.0,0.0,6282.0
2024-06-21,15,74876.0,4502.165419999999,61890.262443681815,176970.0,-115079.73755631818,lng,0.0,20000.0,19814.0,18094.0,6065.834579999995,0.0,118.0,0.0,6282.0
2024-06-21,16,76533.0,3418.300871,61890.262443681815,153750.0,-91859.73755631818,lng,0.0,20000.0,19814.0,18094.0,8806.699129,0.0,118.0,0.0,6282.0
2024-06-21,17,77749.0,2896.417217,61890.262443681815,143570.0,-81679.73755631818,lng,0.0,20000.0,19814.0,18094.0,10544.582783000005,0.0,118.0,0.0,6282.0
2024-06-21,18,76779.0,2281.670811,61890.262443681815,137860.0,-75969.73755631818,lng,0.0,20000.0,19814.0,18094.0,10189.329188999996,0.0,118.0,0.0,6282.0
2024-06-21,19,76745.0,1519.318437,61935.322860681816,136130.0,-74194.67713931818,lng,0.0,20000.0,19814.0,18094.0,10917.681563000006,0.0,118.0,0.0,6282.0
2024-06-21,20,76396.0,1026.858451,61935.322860681816,134640.0,-72704.67713931818,lng,0.0,20000.0,19814.0,18094.0,11061.141548999993,0.0,118.0,0.0,6282.0
2024-06-21,21,74885.0,730.200533,61890.262443681815,136110.0,-74219.73755631818,lng,0.0,20000.0,19814.0,18094.0,9846.799467000004,0.0,118.0,0.0,6282.0
2024-06-21,22,71614.0,339.21723099999997,61890.262443681815,133070.0,-71179.73755631818,lng,0.0,20000.0,19814.0,18094.0,6966.782768999998,0.0,118.0,0.0,6282.0
2024-06-21,23,69311.0,157.602827,61845.202026681814,131110.0,-69264.79797331819,lng,0.0,20000.0,19814.0,18094.0,4845.397173000005,0.0,118.0,0.0,6282.0
2024-06-21,24,66391.0,102.43358099999999,61845.202026681814,130060.0,-68214.79797331819,lng,0.0,20000.0,19814.0,18094.0,1980.5664189999952,0.0,118.0,0.0,6282.0
2024-08-20,1,71246.0,45.769048,61890.262443681815,142760.0,-80869.73755631818,lng,0.0,19000.0,19814.0,18094.0,7892.230951999998,0.0,118.0,0.0,6282.0
2024-08-20,2,68127.0,54.712922000000006,61845.202026681814,139190.0,-77344.79797331819,lng,0.0,19000.0,19814.0,18094.0,4764.287077999994,0.0,118.0,0.0,6282.0
2024-08-20,3,66136.0,51.59336,61845.202026681814,136820.0,-74974.79797331819,lng,0.0,19000.0,19814.0,18094.0,2776.406640000001,0.0,118.0,0.0,6282.0
2024-08-20,4,64967.0,89.39174899999999,61845.202026681814,136820.0,-74974.79797331819,lng,0.0,19000.0,19814.0,18094.0,1569.6082509999978,0.0,118.0,0.0,6282.0
2024-08-20,5,64535.0,78.245487,61845.202026681814,136820.0,-74974.79797331819,lng,0.0,19000.0,19814.0,18094.0,1148.7545129999999,0.0,118.0,0.0,6282.0
2024-08-20,6,65461.0,86.05669300000001,61845.202026681814,139190.0,-77344.79797331819,lng,0.0,19000.0,19814.0,18094.0,2066.9433070000014,0.0,118.0,0.0,6282.0
2024-08-20,7,69065.0,263.227278,61890.262443681815,139190.0,-77299.73755631818,lng,0.0,19000.0,19814.0,18094.0,5493.772721999994,0.0,118.0,0.0,6282.0
2024-08-20,8,75304.0,946.520955,61935.322860681816,141520.0,-79584.67713931818,lng,0.0,19000.0,19814.0,18094.0,11049.479045,0.0,118.0,0.0,6282.0
2024-08-20,9,83110.0,1953.632807,60000.0,146290.0,-86290.0,hydro,0.0,19000.0,19814.0,18094.0,21591.0,0.0,118.0,0.0,2539.367192999998
2024-08-20,10,88159.0,2833.0269780000003,80049.927979,154910.0,-74860.072021,lng,0.0,19000.0,19814.0,18094.0,21591.0,426.9730220000056,118.0,0.0,6282.0
2024-08-20,11,90506.0,3413.082043,80049.927979,157010.0,-76960.072021,lng,0.0,19000.0,19814.0,18094.0,21591.0,2193.917956999998,118.0,0.0,6282.0
2024-08-20,12,91127.0,3544.911188,80049.927979,191980.0,-111930.072021,lng,0.0,19000.0,19814.0,18094.0,21591.0,2683.088812000002,118.0,0.0,6282.0
2024-08-20,13,90079.0,3456.92957,80049.927979,179460.0,-99410.072021,lng,0.0,19000.0,19814.0,18094.0,21591.0,1723.070430000007,118.0,0.0,6282.0
2024-08-20,14,93152.0,3585.665572,80049.927979,188430.0,-108380.072021,lng,0.0,19000.0,19814.0,18094.0,21591.0,4667.334428000002,118.0,0.0,6282.0
2024-08-20,15,95160.0,3308.650165,80107.26393700001,188430.0,-108322.73606299999,lng,0.0,19000.0,19814.0,18094.0,21591.0,6952.349835000001,118.0,0.0,6282.0
2024-08-20,16,96519.0,2630.541942,80107.26393700001,199740.0,-119632.73606299999,lng,0.0,19000.0,19814.0,18094.0,21591.0,8989.458058000004,118.0,0.0,6282.0
2024-08-20,17,97115.0,2557.696519,80107.26393700001,179460.0,-99352.73606299999,lng,0.0,19000.0,19814.0,18094.0,21591.0,9658.303480999995,118.0,0.0,6282.0
2024-08-20,18,96574.0,1837.090506,80107.26393700001,179160.0,-99052.73606299999,lng,0.0,19000.0,19814.0,18094.0,21591.0,9837.909494000007,118.0,0.0,6282.0
2024-08-20,19,96233.0,1252.107505,80107.26393700001,156240.0,-76132.73606299999,lng,0.0,19000.0,19814.0,18094.0,21591.0,10081.892495000007,118.0,0.0,6282.0
2024-08-20,20,95792.0,983.7617789999999,80107.26393700001,156280.0,-76172.73606299999,lng,0.0,19000.0,19814.0,18094.0,21591.0,9909.238221000007,118.0,0.0,6282.0
2024-08-20,21,91764.0,778.9577959999999,80107.26393700001,154960.0,-74852.73606299999,lng,0.0,19000.0,19814.0,18094.0,21591.0,6086.042203999998,118.0,0.0,6282.0
2024-08-20,22,86911.0,505.399089,80049.927979,146170.0,-66120.072021,lng,0.0,19000.0,19814.0,18094.0,21591.0,1506.6009110000014,118.0,0.0,6282.0
2024-08-20,23,82324.0,443.160478,60000.0,143800.0,-83800.0,hydro,0.0,19000.0,19814.0,18094.0,21591.0,0.0,118.0,0.0,3263.8395219999948
2024-08-20,24,77500.0,430.85594,61935.322860681816,141880.0,-79944.67713931818,lng,0.0,19000.0,19814.0,18094.0,13761.144060000006,0.0,118.0,0.0,6282.0
2024-09-11,1,68925.0,75.967337,61890.262443681815,144540.0,-82649.73755631818,lng,0.0,19000.0,19814.0,18094.0,5541.032663000005,0.0,118.0,0.0,6282.0
2024-09-11,2,65840.0,61.327825,61845.202026681814,141470.0,-79624.79797331819,lng,0.0,19000.0,19814.0,18094.0,2470.6721749999997,0.0,118.0,0.0,6282.0
2024-09-11,3,63859.0,62.833247,61845.202026681814,141490.0,-79644.79797331819,lng,0.0,19000.0,19814.0,18094.0,488.1667529999977,0.0,118.0,0.0,6282.0
2024-09-11,4,62759.0,68.92276700000001,60000.0,135420.0,-75420.0,hydro,0.0,19000.0,19814.0,18094.0,0.0,0.0,118.0,0.0,5664.077233000004
2024-09-11,5,62559.0,67.569785,60000.0,134720.0,-74720.0,hydro,0.0,19000.0,19814.0,18094.0,0.0,0.0,118.0,0.0,5465.430215
2024-09-11,6,63919.0,40.398562,61845.202026681814,141500.0,-79654.79797331819,lng,0.0,19000.0,19814.0,18094.0,570.6014379999979,0.0,118.0,0.0,6282.0
2024-09-11,7,67341.0,106.12503899999999,61845.202026681814,141500.0,-79654.79797331819,lng,0.0,19000.0,19814.0,18094.0,3926.874960999994,0.0,118.0,0.0,6282.0
2024-09-11,8,73280.0,630.86763,61890.262443681815,145180.0,-83289.73755631818,lng,0.0,19000.0,19814.0,18094.0,9341.132370000007,0.0,118.0,0.0,6282.0
2024-09-11,9,81065.0,1397.870199,60000.0,145780.0,-85780.0,hydro,0.0,19000.0,19814.0,18094.0,21591.0,0.0,118.0,0.0,1050.1298010000028
2024-09-11,10,86297.0,2046.386775,60000.0,154200.0,-94200.0,hydro,0.0,19000.0,19814.0,18094.0,21591.0,0.0,118.0,0.0,5633.613224999994
2024-09-11,11,88475.0,2384.417629,80049.927979,156230.0,-76180.072021,lng,0.0,19000.0,19814.0,18094.0,21591.0,1191.5823709999968,118.0,0.0,6282.0
2024-09-11,12,88521.0,2696.726827,80049.927979,158840.0,-78790.072021,lng,0.0,19000.0,19814.0,18094.0,21591.0,925.2731729999941,118.0,0.0,6282.0
2024-09-11,13,86949.0,2767.299952,60000.0,158850.0,-98850.0,hydro,0.0,19000.0,19814.0,18094.0,21591.0,0.0,118.0,0.0,5564.700047999999
2024-09-11,14,90551.0,2584.868611,80049.927979,155530.0,-75480.072021,lng,0.0,19000.0,19814.0,18094.0,21591.0,3067.131389000002,118.0,0.0,6282.0
2024-09-11,15,92095.0,2152.021339,80049.927979,157210.0,-77160.072021,lng,0.0,19000.0,19814.0,18094.0,21591.0,5043.978661000001,118.0,0.0,6282.0
2024-09-11,16,92642.0,2016.0368429999999,80107.26393700001,160470.0,-80362.73606299999,lng,0.0,19000.0,19814.0,18094.0,21591.0,5726.963157000006,118.0,0.0,6282.0
2024-09-11,17,93246.0,1793.321453,80107.26393700001,160570.0,-80462.73606299999,lng,0.0,19000.0,19814.0,18094.0,21591.0,6553.678547000003,118.0,0.0,6282.0
2024-09-11,18,91443.0,1240.7582,80049.927979,160040.0,-79990.072021,lng,0.0,19000.0,19814.0,18094.0,21591.0,5303.241800000003,118.0,0.0,6282.0
2024-09-11,19,90613.0,888.6069200000001,80049.927979,160260.0,-80210.072021,lng,0.0,19000.0,19814.0,18094.0,21591.0,4825.393079999994,118.0,0.0,6282.0
2024-09-11,20,89302.0,573.41237,80049.927979,160180.0,-80130.072021,lng,0.0,19000.0,19814.0,18094.0,21591.0,3829.5876299999945,118.0,0.0,6282.0
2024-09-11,21,85502.0,330.518305,80049.927979,156150.0,-76100.072021,lng,0.0,19000.0,19814.0,18094.0,21591.0,272.48169499999494,118.0,0.0,6282.0
2024-09-11,22,81087.0,197.488797,60000.0,149920.0,-89920.0,hydro,0.0,19000.0,19814.0,18094.0,21591.0,0.0,118.0,0.0,2272.511203000002
2024-09-11,23,77213.0,97.16734400000001,61935.322860681816,145780.0,-83844.67713931818,lng,0.0,19000.0,19814.0,18094.0,13807.832655999999,0.0,118.0,0.0,6282.0
2024-09-11,24,73205.0,82.96633600000001,61890.262443681815,143090.0,-81199.73755631818,lng,0.0,19000.0,19814.0,18094.0,9814.033664000002,0.0,118.0,0.0,6282.0
2024-10-20,1,52974.0,795.958644,29128.120595833334,92730.0,-63601.87940416667,coal,0.0,21000.0,19814.0,11364.041356000002,0.0,0.0,0.0,0.0,0.0
2024-10-20,2,50969.0,818.286078,29128.120595833334,92730.0,-63601.87940416667,coal,0.0,21000.0,19814.0,9336.713922000003,0.0,0.0,0.0,0.0,0.0
2024-10-20,3,49630.0,816.946007,28860.193690833334,92070.0,-63209.80630916667,coal,0.0,21000.0,19814.0,7999.053993000001,0.0,0.0,0.0,0.0,0.0
2024-10-20,4,48958.0,757.4794469999999,28860.193690833334,77760.0,-48899.80630916667,coal,0.0,21000.0,19814.0,7386.520553000002,0.0,0.0,0.0,0.0,0.0
2024-10-20,5,48911.0,726.8180169999999,28860.193690833334,79400.0,-50539.80630916667,coal,0.0,21000.0,19814.0,7370.181983000002,0.0,0.0,0.0,0.0,0.0
2024-10-20,6,49576.0,727.303368,28860.193690833334,92210.0,-63349.80630916667,coal,0.0,21000.0,19814.0,8034.696631999999,0.0,0.0,0.0,0.0,0.0
2024-10-20,7,50412.0,751.791213,28860.193690833334,92730.0,-63869.80630916667,coal,0.0,21000.0,19814.0,8846.208787000003,0.0,0.0,0.0,0.0,0.0
2024-10-20,8,50079.0,1182.427051,28860.193690833334,92660.0,-63799.80630916667,coal,0.0,21000.0,19814.0,8082.572949000001,0.0,0.0,0.0,0.0,0.0
2024-10-20,9,48031.0,2366.409117,28860.193690833334,92730.0,-63869.80630916667,coal,0.0,21000.0,19814.0,4850.590882999997,0.0,0.0,0.0,0.0,0.0
2024-10-20,10,46062.0,3698.203936,28592.266785833333,92730.0,-64137.73321416667,coal,0.0,21000.0,19814.0,1549.796064000002,0.0,0.0,0.0,0.0,0.0
2024-10-20,11,45404.0,4067.306982,28592.266785833333,92730.0,-64137.73321416667,coal,0.0,21000.0,19814.0,522.6930179999981,0.0,0.0,0.0,0.0,0.0
2024-10-20,12,44795.0,4361.393754,27012.278673166667,92520.0,-65507.72132683333,coal,0.0,21000.0,19433.606246000003,0.0,0.0,0.0,0.0,0.0,0.0
2024-10-20,13,45571.0,4186.625907,28592.266785833333,87040.0,-58447.73321416667,coal,0.0,21000.0,19814.0,570.3740929999985,0.0,0.0,0.0,0.0,0.0
2024-10-20,14,46804.0,3964.245334,28592.266785833333,92660.0,-64067.73321416667,coal,0.0,21000.0,19814.0,2025.7546660000007,0.0,0.0,0.0,0.0,0.0
2024-10-20,15,48353.0,3642.9759169999998,28592.266785833333,101220.0,-72627.73321416667,coal,0.0,21000.0,19814.0,3896.0240829999966,0.0,0.0,0.0,0.0,0.0
2024-10-20,16,50704.0,2830.0358380000002,28860.193690833334,101340.0,-72479.80630916667,coal,0.0,21000.0,19814.0,7059.964161999997,0.0,0.0,0.0,0.0,0.0
2024-10-20,17,53608.0,1919.164335,29128.120595833334,109090.0,-79961.87940416667,coal,0.0,21000.0,19814.0,10874.835664999999,0.0,0.0,0.0,0.0,0.0
2024-10-20,18,56766.0,1572.507678,29396.047500833334,108580.0,-79183.95249916667,coal,0.0,21000.0,19814.0,14379.492321999998,0.0,0.0,0.0,0.0,0.0
2024-10-20,19,59093.0,1609.199212,29396.047500833334,109150.0,-79753.95249916667,coal,0.0,21000.0,19814.0,16669.800788,0.0,0.0,0.0,0.0,0.0
2024-10-20,20,59061.0,1530.379937,29396.047500833334,109150.0,-79753.95249916667,coal,0.0,21000.0,19814.0,16716.620063000002,0.0,0.0,0.0,0.0,0.0
2024-10-20,21,58391.0,1151.814026,29396.047500833334,101700.0,-72303.95249916667,coal,0.0,21000.0,19814.0,16425.185974,0.0,0.0,0.0,0.0,0.0
2024-10-20,22,57233.0,744.247774,29396.047500833334,101750.0,-72353.95249916667,coal,0.0,21000.0,19814.0,15674.752225999997,0.0,0.0,0.0,0.0,0.0
2024-10-20,23,55773.0,535.663307,29396.047500833334,100720.0,-71323.95249916667,coal,0.0,21000.0,19814.0,14423.336692999997,0.0,0.0,0.0,0.0,0.0
2024-10-20,24,54184.0,492.54352800000004,29128.120595833334,100720.0,-71591.87940416667,coal,0.0,21000.0,19814.0,12877.456471999998,0.0,0.0,0.0,0.0,0.0
2024-10-25,1,57506.0,194.82100000000003,29396.047500833334,92430.0,-63033.95249916667,coal,0.0,22000.0,19814.0,15497.178999999996,0.0,0.0,0.0,0.0,0.0
2024-10-25,2,55592.0,199.266624,29396.047500833334,92230.0,-62833.95249916667,coal,0.0,22000.0,19814.0,13578.733375999996,0.0,0.0,0.0,0.0,0.0
2024-10-25,3,54466.0,232.903023,29128.120595833334,92230.0,-63101.87940416667,coal,0.0,22000.0,19814.0,12419.096977000001,0.0,0.0,0.0,0.0,0.0
2024-10-25,4,53896.0,247.333023,29128.120595833334,92100.0,-62971.87940416667,coal,0.0,22000.0,19814.0,11834.666977,0.0,0.0,0.0,0.0,0.0
2024-10-25,5,54243.0,271.34787,29128.120595833334,92230.0,-63101.87940416667,coal,0.0,22000.0,19814.0,12157.652130000002,0.0,0.0,0.0,0.0,0.0
2024-10-25,6,55577.0,296.658234,29128.120595833334,92430.0,-63301.87940416667,coal,0.0,22000.0,19814.0,13466.341765999998,0.0,0.0,0.0,0.0,0.0
2024-10-25,7,58460.0,316.656244,29396.047500833334,101060.0,-71663.95249916667,coal,0.0,22000.0,19814.0,16329.343756000002,0.0,0.0,0.0,0.0,0.0
2024-10-25,8,61696.0,733.346306,60000.0,101280.0,-41280.0,hydro,0.0,22000.0,19814.0,18094.0,0.0,0.0,118.0,0.0,936.6536940000005
2024-10-25,9,62449.0,2094.022553,60000.0,138320.0,-78320.0,hydro,0.0,22000.0,19814.0,18094.0,0.0,0.0,118.0,0.0,328.9774469999975
2024-10-25,10,60694.0,3605.2402650000004,29396.047500833334,139240.0,-109843.95249916667,coal,0.0,22000.0,19814.0,15274.759735,0.0,0.0,0.0,0.0,0.0
2024-10-25,11,59025.0,3902.299362,29128.120595833334,160560.0,-131431.87940416666,coal,0.0,22000.0,19814.0,13308.700638000002,0.0,0.0,0.0,0.0,0.0
2024-10-25,12,57269.0,4013.183715,29128.120595833334,133160.0,-104031.87940416667,coal,0.0,22000.0,19814.0,11441.816285,0.0,0.0,0.0,0.0,0.0
2024-10-25,13,55866.0,3667.939605,29128.120595833334,115440.0,-86311.87940416667,coal,0.0,22000.0,19814.0,10384.060395,0.0,0.0,0.0,0.0,0.0
2024-10-25,14,60137.0,3167.841378,29396.047500833334,139590.0,-110193.95249916667,coal,0.0,22000.0,19814.0,15155.158622000003,0.0,0.0,0.0,0.0,0.0
2024-10-25,15,63112.0,2412.719542,60000.0,155390.0,-95390.0,hydro,0.0,22000.0,19814.0,18094.0,0.0,0.0,118.0,0.0,673.2804580000011
2024-10-25,16,65611.0,1524.3772529999999,60000.0,155390.0,-95390.0,hydro,0.0,22000.0,19814.0,18094.0,0.0,0.0,118.0,0.0,4060.6227470000013
2024-10-25,17,67377.0,937.301619,61845.202026681814,150740.0,-88894.79797331819,lng,0.0,22000.0,19814.0,18094.0,131.6983809999947,0.0,118.0,0.0,6282.0
2024-10-25,18,67871.0,972.606182,61845.202026681814,154880.0,-93034.79797331819,lng,0.0,22000.0,19814.0,18094.0,590.3938179999968,0.0,118.0,0.0,6282.0
2024-10-25,19,68375.0,1042.9816799999999,61845.202026681814,154090.0,-92244.79797331819,lng,0.0,22000.0,19814.0,18094.0,1024.0183200000029,0.0,118.0,0.0,6282.0
2024-10-25,20,66951.0,843.398057,60000.0,132900.0,-72900.0,hydro,0.0,22000.0,19814.0,18094.0,0.0,0.0,118.0,0.0,6081.6019430000015
2024-10-25,21,65177.0,484.92085900000006,60000.0,105940.0,-45940.0,hydro,0.0,22000.0,19814.0,18094.0,0.0,0.0,118.0,0.0,4666.079141000002
2024-10-25,22,63229.0,298.265996,60000.0,101220.0,-41220.0,hydro,0.0,22000.0,19814.0,18094.0,0.0,0.0,118.0,0.0,2904.734003999998
2024-10-25,23,62431.0,208.81758200000002,60000.0,101020.0,-41020.0,hydro,0.0,22000.0,19814.0,18094.0,0.0,0.0,118.0,0.0,2196.1824179999967
2024-10-25,24,60542.0,178.374164,60000.0,101050.0,-41050.0,hydro,0.0,22000.0,19814.0,18094.0,0.0,0.0,118.0,0.0,337.62583599999925
2024-12-24,1,66546.0,847.704264,60000.0,102270.0,-42270.0,hydro,0.0,22000.0,19814.0,18094.0,0.0,0.0,118.0,0.0,5672.295736
2024-12-24,2,64198.0,895.045898,60000.0,91670.0,-31670.0,hydro,0.0,22000.0,19814.0,18094.0,0.0,0.0,118.0,0.0,3276.9541020000033
2024-12-24,3,62782.0,948.084546,60000.0,91670.0,-31670.0,hydro,0.0,22000.0,19814.0,18094.0,0.0,0.0,118.0,0.0,1807.9154540000018
2024-12-24,4,62202.0,973.067958,60000.0,91500.0,-31500.0,hydro,0.0,22000.0,19814.0,18094.0,0.0,0.0,118.0,0.0,1202.9320420000004
2024-12-24,5,62656.0,936.673792,60000.0,91670.0,-31670.0,hydro,0.0,22000.0,19814.0,18094.0,0.0,0.0,118.0,0.0,1693.3262079999986
2024-12-24,6,64523.0,833.0208769999999,60000.0,96570.0,-36570.0,hydro,0.0,22000.0,19814.0,18094.0,0.0,0.0,118.0,0.0,3663.9791229999973
2024-12-24,7,68582.0,657.595333,61845.202026681814,102020.0,-40174.797973318186,lng,0.0,22000.0,19814.0,18094.0,1616.4046669999952,0.0,118.0,0.0,6282.0
2024-12-24,8,75338.0,532.700955,61890.262443681815,141200.0,-79309.73755631818,lng,0.0,22000.0,19814.0,18094.0,8497.299045000007,0.0,118.0,0.0,6282.0
2024-12-24,9,82612.0,989.3304310000001,60000.0,144780.0,-84780.0,hydro,0.0,22000.0,19814.0,18094.0,21591.0,0.0,118.0,0.0,5.66956900000514
2024-12-24,10,81365.0,2248.257042,61935.322860681816,166220.0,-104284.67713931818,lng,0.0,22000.0,19814.0,18094.0,12808.742958000003,0.0,118.0,0.0,6282.0
2024-12-24,11,77337.0,3593.862696,61890.262443681815,159950.0,-98059.73755631818,lng,0.0,22000.0,19814.0,18094.0,7435.1373040000035,0.0,118.0,0.0,6282.0
2024-12-24,12,73366.0,4183.993533,61845.202026681814,144760.0,-82914.79797331819,lng,0.0,22000.0,19814.0,18094.0,2874.0064669999992,0.0,118.0,0.0,6282.0
2024-12-24,13,68896.0,4411.021632,60000.0,141220.0,-81220.0,hydro,0.0,22000.0,19814.0,18094.0,0.0,0.0,118.0,0.0,4458.978367999996
2024-12-24,14,71428.0,4520.23405,61845.202026681814,143010.0,-81164.79797331819,lng,0.0,22000.0,19814.0,18094.0,599.7659500000009,0.0,118.0,0.0,6282.0
2024-12-24,15,73335.0,3977.283227,61845.202026681814,143400.0,-81554.79797331819,lng,0.0,22000.0,19814.0,18094.0,3049.716772999993,0.0,118.0,0.0,6282.0
2024-12-24,16,76279.0,2572.174156,61890.262443681815,144520.0,-82629.73755631818,lng,0.0,22000.0,19814.0,18094.0,7398.825844000006,0.0,118.0,0.0,6282.0
2024-12-24,17,79112.0,1430.78391,61935.322860681816,143190.0,-81254.67713931818,lng,0.0,22000.0,19814.0,18094.0,11373.216090000002,0.0,118.0,0.0,6282.0
2024-12-24,18,79567.0,939.960678,61935.322860681816,143500.0,-81564.67713931818,lng,0.0,22000.0,19814.0,18094.0,12319.039321999997,0.0,118.0,0.0,6282.0
2024-12-24,19,77518.0,985.9803989999999,61890.262443681815,143500.0,-81609.73755631818,lng,0.0,22000.0,19814.0,18094.0,10224.019601000007,0.0,118.0,0.0,6282.0
2024-12-24,20,75826.0,820.113263,61890.262443681815,141200.0,-79309.73755631818,lng,0.0,22000.0,19814.0,18094.0,8697.886736999993,0.0,118.0,0.0,6282.0
2024-12-24,21,73259.0,466.417741,61890.262443681815,121770.0,-59879.737556318185,lng,0.0,22000.0,19814.0,18094.0,6484.5822590000025,0.0,118.0,0.0,6282.0
2024-12-24,22,71113.0,300.70766000000003,61845.202026681814,101090.0,-39244.797973318186,lng,0.0,22000.0,19814.0,18094.0,4504.29234,0.0,118.0,0.0,6282.0
2024-12-24,23,70931.0,244.659618,61845.202026681814,101500.0,-39654.797973318186,lng,0.0,22000.0,19814.0,18094.0,4378.340381999995,0.0,118.0,0.0,6282.0
2024-12-24,24,70434.0,169.661123,61845.202026681814,101980.0,-40134.797973318186,lng,0.0,22000.0,19814.0,18094.0,3956.338877000002,0.0,118.0,0.0,6282.0
