date,hour,scenario,smp_pre,smp_post,delta_smp,curtailment
2024-01-23,1,Case_A_zero,61890.262443681815,61890.262443681815,0.0,0.0
2024-01-23,2,Case_A_zero,61845.202026681814,61845.202026681814,0.0,0.0
2024-01-23,3,Case_A_zero,61845.202026681814,61845.202026681814,0.0,0.0
2024-01-23,4,Case_A_zero,61845.202026681814,61845.202026681814,0.0,0.0
2024-01-23,5,Case_A_zero,61845.202026681814,61845.202026681814,0.0,0.0
2024-01-23,6,Case_A_zero,61845.202026681814,61845.202026681814,0.0,0.0
2024-01-23,7,Case_A_zero,61890.262443681815,61890.262443681815,0.0,0.0
2024-01-23,8,Case_A_zero,61935.322860681816,61935.322860681816,0.0,0.0
2024-01-23,9,Case_A_zero,60000.0,60000.0,0.0,0.0
2024-01-23,10,Case_A_zero,60000.0,60000.0,0.0,0.0
2024-01-23,11,Case_A_zero,60000.0,60000.0,0.0,0.0
2024-01-23,12,Case_A_zero,60000.0,60000.0,0.0,0.0
2024-01-23,13,Case_A_zero,61935.322860681816,61935.322860681816,0.0,0.0
2024-01-23,14,Case_A_zero,60000.0,60000.0,0.0,0.0
2024-01-23,15,Case_A_zero,60000.0,60000.0,0.0,0.0
2024-01-23,16,Case_A_zero,60000.0,60000.0,0.0,0.0
2024-01-23,17,Case_A_zero,80049.927979,80049.927979,0.0,0.0
2024-01-23,18,Case_A_zero,80049.927979,80049.927979,0.0,0.0
2024-01-23,19,Case_A_zero,60000.0,60000.0,0.0,0.0
2024-01-23,20,Case_A_zero,60000.0,60000.0,0.0,0.0
2024-01-23,21,Case_A_zero,61935.322860681816,61935.322860681816,0.0,0.0
2024-01-23,22,Case_A_zero,61935.322860681816,61935.322860681816,0.0,0.0
2024-01-23,23,Case_A_zero,61935.322860681816,61935.322860681816,0.0,0.0
2024-01-23,24,Case_A_zero,61890.262443681815,61890.262443681815,0.0,0.0
2024-01-23,1,Case_B_floor,61890.262443681815,61890.262443681815,0.0,0.0
2024-01-23,2,Case_B_floor,61845.202026681814,61845.202026681814,0.0,0.0
2024-01-23,3,Case_B_floor,61845.202026681814,61845.202026681814,0.0,0.0
2024-01-23,4,Case_B_floor,61845.202026681814,61845.202026681814,0.0,0.0
2024-01-23,5,Case_B_floor,61845.202026681814,61845.202026681814,0.0,0.0
2024-01-23,6,Case_B_floor,61845.202026681814,61845.202026681814,0.0,0.0
2024-01-23,7,Case_B_floor,61890.262443681815,61890.262443681815,0.0,0.0
2024-01-23,8,Case_B_floor,61935.322860681816,61935.322860681816,0.0,0.0
2024-01-23,9,Case_B_floor,60000.0,60000.0,0.0,0.0
2024-01-23,10,Case_B_floor,60000.0,60000.0,0.0,0.0
2024-01-23,11,Case_B_floor,60000.0,60000.0,0.0,0.0
2024-01-23,12,Case_B_floor,60000.0,60000.0,0.0,0.0
2024-01-23,13,Case_B_floor,61935.322860681816,61935.322860681816,0.0,0.0
2024-01-23,14,Case_B_floor,60000.0,60000.0,0.0,0.0
2024-01-23,15,Case_B_floor,60000.0,60000.0,0.0,0.0
2024-01-23,16,Case_B_floor,60000.0,60000.0,0.0,0.0
2024-01-23,17,Case_B_floor,80049.927979,80049.927979,0.0,0.0
2024-01-23,18,Case_B_floor,80049.927979,80049.927979,0.0,0.0
2024-01-23,19,Case_B_floor,60000.0,60000.0,0.0,0.0
2024-01-23,20,Case_B_floor,60000.0,60000.0,0.0,0.0
2024-01-23,21,Case_B_floor,61935.322860681816,61935.322860681816,0.0,0.0
2024-01-23,22,Case_B_floor,61935.322860681816,61935.322860681816,0.0,0.0
2024-01-23,23,Case_B_floor,61935.322860681816,61935.322860681816,0.0,0.0
2024-01-23,24,Case_B_floor,61890.262443681815,61890.262443681815,0.0,0.0
2024-01-23,1,Case_C_mixed,61890.262443681815,61890.262443681815,0.0,0.0
2024-01-23,2,Case_C_mixed,61845.202026681814,61845.202026681814,0.0,0.0
2024-01-23,3,Case_C_mixed,61845.202026681814,61845.202026681814,0.0,0.0
2024-01-23,4,Case_C_mixed,61845.202026681814,61845.202026681814,0.0,0.0
2024-01-23,5,Case_C_mixed,61845.202026681814,61845.202026681814,0.0,0.0
2024-01-23,6,Case_C_mixed,61845.202026681814,61845.202026681814,0.0,0.0
2024-01-23,7,Case_C_mixed,61890.262443681815,61890.262443681815,0.0,0.0
2024-01-23,8,Case_C_mixed,61935.322860681816,61935.322860681816,0.0,0.0
2024-01-23,9,Case_C_mixed,60000.0,60000.0,0.0,0.0
2024-01-23,10,Case_C_mixed,60000.0,60000.0,0.0,0.0
2024-01-23,11,Case_C_mixed,60000.0,60000.0,0.0,0.0
2024-01-23,12,Case_C_mixed,60000.0,60000.0,0.0,0.0
2024-01-23,13,Case_C_mixed,61935.322860681816,61935.322860681816,0.0,0.0
2024-01-23,14,Case_C_mixed,60000.0,60000.0,0.0,0.0
2024-01-23,15,Case_C_mixed,60000.0,60000.0,0.0,0.0
2024-01-23,16,Case_C_mixed,60000.0,60000.0,0.0,0.0
2024-01-23,17,Case_C_mixed,80049.927979,80049.927979,0.0,0.0
2024-01-23,18,Case_C_mixed,80049.927979,80049.927979,0.0,0.0
2024-01-23,19,Case_C_mixed,60000.0,60000.0,0.0,0.0
2024-01-23,20,Case_C_mixed,60000.0,60000.0,0.0,0.0
2024-01-23,21,Case_C_mixed,61935.322860681816,61935.322860681816,0.0,0.0
2024-01-23,22,Case_C_mixed,61935.322860681816,61935.322860681816,0.0,0.0
2024-01-23,23,Case_C_mixed,61935.322860681816,61935.322860681816,0.0,0.0
2024-01-23,24,Case_C_mixed,61890.262443681815,61890.262443681815,0.0,0.0
2024-01-23,1,Case_D_conservative,61890.262443681815,61890.262443681815,0.0,0.0
2024-01-23,2,Case_D_conservative,61845.202026681814,61845.202026681814,0.0,0.0
2024-01-23,3,Case_D_conservative,61845.202026681814,61845.202026681814,0.0,0.0
2024-01-23,4,Case_D_conservative,61845.202026681814,61845.202026681814,0.0,0.0
2024-01-23,5,Case_D_conservative,61845.202026681814,61845.202026681814,0.0,0.0
2024-01-23,6,Case_D_conservative,61845.202026681814,61845.202026681814,0.0,0.0
2024-01-23,7,Case_D_conservative,61890.262443681815,61890.262443681815,0.0,0.0
2024-01-23,8,Case_D_conservative,61935.322860681816,61935.322860681816,0.0,0.0
2024-01-23,9,Case_D_conservative,60000.0,60000.0,0.0,0.0
2024-01-23,10,Case_D_conservative,60000.0,60000.0,0.0,0.0
2024-01-23,11,Case_D_conservative,60000.0,60000.0,0.0,0.0
2024-01-23,12,Case_D_conservative,60000.0,60000.0,0.0,0.0
2024-01-23,13,Case_D_conservative,61935.322860681816,61935.322860681816,0.0,0.0
2024-01-23,14,Case_D_conservative,60000.0,60000.0,0.0,0.0
2024-01-23,15,Case_D_conservative,60000.0,60000.0,0.0,0.0
2024-01-23,16,Case_D_conservative,60000.0,60000.0,0.0,0.0
2024-01-23,17,Case_D_conservative,80049.927979,80049.927979,0.0,0.0
2024-01-23,18,Case_D_conservative,80049.927979,80049.927979,0.0,0.0
2024-01-23,19,Case_D_conservative,60000.0,60000.0,0.0,0.0
2024-01-23,20,Case_D_conservative,60000.0,60000.0,0.0,0.0
2024-01-23,21,Case_D_conservative,61935.322860681816,61935.322860681816,0.0,0.0
2024-01-23,22,Case_D_conservative,61935.322860681816,61935.322860681816,0.0,0.0
2024-01-23,23,Case_D_conservative,61935.322860681816,61935.322860681816,0.0,0.0
2024-01-23,24,Case_D_conservative,61890.262443681815,61890.262443681815,0.0,0.0
2024-02-12,1,Case_A_zero,29396.047500833334,29396.047500833334,0.0,0.0
2024-02-12,2,Case_A_zero,29128.120595833334,29128.120595833334,0.0,0.0
2024-02-12,3,Case_A_zero,29128.120595833334,29128.120595833334,0.0,0.0
2024-02-12,4,Case_A_zero,29128.120595833334,29128.120595833334,0.0,0.0
2024-02-12,5,Case_A_zero,29128.120595833334,29128.120595833334,0.0,0.0
2024-02-12,6,Case_A_zero,29128.120595833334,29128.120595833334,0.0,0.0
2024-02-12,7,Case_A_zero,29128.120595833334,29128.120595833334,0.0,0.0
2024-02-12,8,Case_A_zero,29396.047500833334,29396.047500833334,0.0,0.0
2024-02-12,9,Case_A_zero,29128.120595833334,29128.120595833334,0.0,0.0
2024-02-12,10,Case_A_zero,28860.193690833334,28860.193690833334,0.0,0.0
2024-02-12,11,Case_A_zero,28592.266785833333,28592.266785833333,0.0,0.0
2024-02-12,12,Case_A_zero,27012.278673166667,27012.278673166667,0.0,0.0
2024-02-12,13,Case_A_zero,22982.555339833332,22982.555339833332,0.0,0.0
2024-02-12,14,Case_A_zero,22982.555339833332,22982.555339833332,0.0,0.0
2024-02-12,15,Case_A_zero,27012.278673166667,27012.278673166667,0.0,0.0
2024-02-12,16,Case_A_zero,28592.266785833333,28592.266785833333,0.0,0.0
2024-02-12,17,Case_A_zero,28860.193690833334,28860.193690833334,0.0,0.0
2024-02-12,18,Case_A_zero,29396.047500833334,29396.047500833334,0.0,0.0
2024-02-12,19,Case_A_zero,60000.0,60000.0,0.0,0.0
2024-02-12,20,Case_A_zero,60000.0,60000.0,0.0,0.0
2024-02-12,21,Case_A_zero,60000.0,60000.0,0.0,0.0
2024-02-12,22,Case_A_zero,29396.047500833334,29396.047500833334,0.0,0.0
2024-02-12,23,Case_A_zero,29396.047500833334,29396.047500833334,0.0,0.0
2024-02-12,24,Case_A_zero,29396.047500833334,29396.047500833334,0.0,0.0
2024-02-12,1,Case_B_floor,29396.047500833334,29396.047500833334,0.0,0.0
2024-02-12,2,Case_B_floor,29128.120595833334,29128.120595833334,0.0,0.0
2024-02-12,3,Case_B_floor,29128.120595833334,29128.120595833334,0.0,0.0
2024-02-12,4,Case_B_floor,29128.120595833334,29128.120595833334,0.0,0.0
2024-02-12,5,Case_B_floor,29128.120595833334,29128.120595833334,0.0,0.0
2024-02-12,6,Case_B_floor,29128.120595833334,29128.120595833334,0.0,0.0
2024-02-12,7,Case_B_floor,29128.120595833334,29128.120595833334,0.0,0.0
2024-02-12,8,Case_B_floor,29396.047500833334,29396.047500833334,0.0,0.0
2024-02-12,9,Case_B_floor,29128.120595833334,29128.120595833334,0.0,0.0
2024-02-12,10,Case_B_floor,28860.193690833334,28860.193690833334,0.0,0.0
2024-02-12,11,Case_B_floor,28592.266785833333,28592.266785833333,0.0,0.0
2024-02-12,12,Case_B_floor,27012.278673166667,27012.278673166667,0.0,0.0
2024-02-12,13,Case_B_floor,22982.555339833332,22982.555339833332,0.0,0.0
2024-02-12,14,Case_B_floor,22982.555339833332,22982.555339833332,0.0,0.0
2024-02-12,15,Case_B_floor,27012.278673166667,27012.278673166667,0.0,0.0
2024-02-12,16,Case_B_floor,28592.266785833333,28592.266785833333,0.0,0.0
2024-02-12,17,Case_B_floor,28860.193690833334,28860.193690833334,0.0,0.0
2024-02-12,18,Case_B_floor,29396.047500833334,29396.047500833334,0.0,0.0
2024-02-12,19,Case_B_floor,60000.0,60000.0,0.0,0.0
2024-02-12,20,Case_B_floor,60000.0,60000.0,0.0,0.0
2024-02-12,21,Case_B_floor,60000.0,60000.0,0.0,0.0
2024-02-12,22,Case_B_floor,29396.047500833334,29396.047500833334,0.0,0.0
2024-02-12,23,Case_B_floor,29396.047500833334,29396.047500833334,0.0,0.0
2024-02-12,24,Case_B_floor,29396.047500833334,29396.047500833334,0.0,0.0
2024-02-12,1,Case_C_mixed,29396.047500833334,29396.047500833334,0.0,0.0
2024-02-12,2,Case_C_mixed,29128.120595833334,29128.120595833334,0.0,0.0
2024-02-12,3,Case_C_mixed,29128.120595833334,29128.120595833334,0.0,0.0
2024-02-12,4,Case_C_mixed,29128.120595833334,29128.120595833334,0.0,0.0
2024-02-12,5,Case_C_mixed,29128.120595833334,29128.120595833334,0.0,0.0
2024-02-12,6,Case_C_mixed,29128.120595833334,29128.120595833334,0.0,0.0
2024-02-12,7,Case_C_mixed,29128.120595833334,29128.120595833334,0.0,0.0
2024-02-12,8,Case_C_mixed,29396.047500833334,29396.047500833334,0.0,0.0
2024-02-12,9,Case_C_mixed,29128.120595833334,29128.120595833334,0.0,0.0
2024-02-12,10,Case_C_mixed,28860.193690833334,28860.193690833334,0.0,0.0
2024-02-12,11,Case_C_mixed,28592.266785833333,28592.266785833333,0.0,0.0
2024-02-12,12,Case_C_mixed,27012.278673166667,27012.278673166667,0.0,0.0
2024-02-12,13,Case_C_mixed,22982.555339833332,22982.555339833332,0.0,0.0
2024-02-12,14,Case_C_mixed,22982.555339833332,22982.555339833332,0.0,0.0
2024-02-12,15,Case_C_mixed,27012.278673166667,27012.278673166667,0.0,0.0
2024-02-12,16,Case_C_mixed,28592.266785833333,28592.266785833333,0.0,0.0
2024-02-12,17,Case_C_mixed,28860.193690833334,28860.193690833334,0.0,0.0
2024-02-12,18,Case_C_mixed,29396.047500833334,29396.047500833334,0.0,0.0
2024-02-12,19,Case_C_mixed,60000.0,60000.0,0.0,0.0
2024-02-12,20,Case_C_mixed,60000.0,60000.0,0.0,0.0
2024-02-12,21,Case_C_mixed,60000.0,60000.0,0.0,0.0
2024-02-12,22,Case_C_mixed,29396.047500833334,29396.047500833334,0.0,0.0
2024-02-12,23,Case_C_mixed,29396.047500833334,29396.047500833334,0.0,0.0
2024-02-12,24,Case_C_mixed,29396.047500833334,29396.047500833334,0.0,0.0
2024-02-12,1,Case_D_conservative,29396.047500833334,29396.047500833334,0.0,0.0
2024-02-12,2,Case_D_conservative,29128.120595833334,29128.120595833334,0.0,0.0
2024-02-12,3,Case_D_conservative,29128.120595833334,29128.120595833334,0.0,0.0
2024-02-12,4,Case_D_conservative,29128.120595833334,29128.120595833334,0.0,0.0
2024-02-12,5,Case_D_conservative,29128.120595833334,29128.120595833334,0.0,0.0
2024-02-12,6,Case_D_conservative,29128.120595833334,29128.120595833334,0.0,0.0
2024-02-12,7,Case_D_conservative,29128.120595833334,29128.120595833334,0.0,0.0
2024-02-12,8,Case_D_conservative,29396.047500833334,29396.047500833334,0.0,0.0
2024-02-12,9,Case_D_conservative,29128.120595833334,29128.120595833334,0.0,0.0
2024-02-12,10,Case_D_conservative,28860.193690833334,28860.193690833334,0.0,0.0
2024-02-12,11,Case_D_conservative,28592.266785833333,28592.266785833333,0.0,0.0
2024-02-12,12,Case_D_conservative,27012.278673166667,27012.278673166667,0.0,0.0
2024-02-12,13,Case_D_conservative,22982.555339833332,22982.555339833332,0.0,0.0
2024-02-12,14,Case_D_conservative,22982.555339833332,22982.555339833332,0.0,0.0
2024-02-12,15,Case_D_conservative,27012.278673166667,27012.278673166667,0.0,0.0
2024-02-12,16,Case_D_conservative,28592.266785833333,28592.266785833333,0.0,0.0
2024-02-12,17,Case_D_conservative,28860.193690833334,28860.193690833334,0.0,0.0
2024-02-12,18,Case_D_conservative,29396.047500833334,29396.047500833334,0.0,0.0
2024-02-12,19,Case_D_conservative,60000.0,60000.0,0.0,0.0
2024-02-12,20,Case_D_conservative,60000.0,60000.0,0.0,0.0
2024-02-12,21,Case_D_conservative,60000.0,60000.0,0.0,0.0
2024-02-12,22,Case_D_conservative,29396.047500833334,29396.047500833334,0.0,0.0
2024-02-12,23,Case_D_conservative,29396.047500833334,29396.047500833334,0.0,0.0
2024-02-12,24,Case_D_conservative,29396.047500833334,29396.047500833334,0.0,0.0
2024-03-05,1,Case_A_zero,60000.0,60000.0,0.0,0.0
2024-03-05,2,Case_A_zero,60000.0,60000.0,0.0,0.0
2024-03-05,3,Case_A_zero,29396.047500833334,29396.047500833334,0.0,0.0
2024-03-05,4,Case_A_zero,29396.047500833334,29396.047500833334,0.0,0.0
2024-03-05,5,Case_A_zero,29396.047500833334,29396.047500833334,0.0,0.0
2024-03-05,6,Case_A_zero,60000.0,60000.0,0.0,0.0
2024-03-05,7,Case_A_zero,60000.0,60000.0,0.0,0.0
2024-03-05,8,Case_A_zero,61845.202026681814,61845.202026681814,0.0,0.0
2024-03-05,9,Case_A_zero,61935.322860681816,61935.322860681816,0.0,0.0
2024-03-05,10,Case_A_zero,61935.322860681816,61935.322860681816,0.0,0.0
2024-03-05,11,Case_A_zero,61935.322860681816,61935.322860681816,0.0,0.0
2024-03-05,12,Case_A_zero,61935.322860681816,61935.322860681816,0.0,0.0
2024-03-05,13,Case_A_zero,61890.262443681815,61890.262443681815,0.0,0.0
2024-03-05,14,Case_A_zero,61935.322860681816,61935.322860681816,0.0,0.0
2024-03-05,15,Case_A_zero,61935.322860681816,61935.322860681816,0.0,0.0
2024-03-05,16,Case_A_zero,61935.322860681816,61935.322860681816,0.0,0.0
2024-03-05,17,Case_A_zero,61935.322860681816,61935.322860681816,0.0,0.0
2024-03-05,18,Case_A_zero,61890.262443681815,61890.262443681815,0.0,0.0
2024-03-05,19,Case_A_zero,61890.262443681815,61890.262443681815,0.0,0.0
2024-03-05,20,Case_A_zero,61890.262443681815,61890.262443681815,0.0,0.0
2024-03-05,21,Case_A_zero,61845.202026681814,61845.202026681814,0.0,0.0
2024-03-05,22,Case_A_zero,61845.202026681814,61845.202026681814,0.0,0.0
2024-03-05,23,Case_A_zero,61845.202026681814,61845.202026681814,0.0,0.0
2024-03-05,24,Case_A_zero,61845.202026681814,61845.202026681814,0.0,0.0
2024-03-05,1,Case_B_floor,60000.0,60000.0,0.0,0.0
2024-03-05,2,Case_B_floor,60000.0,60000.0,0.0,0.0
2024-03-05,3,Case_B_floor,29396.047500833334,29396.047500833334,0.0,0.0
2024-03-05,4,Case_B_floor,29396.047500833334,29396.047500833334,0.0,0.0
2024-03-05,5,Case_B_floor,29396.047500833334,29396.047500833334,0.0,0.0
2024-03-05,6,Case_B_floor,60000.0,60000.0,0.0,0.0
2024-03-05,7,Case_B_floor,60000.0,60000.0,0.0,0.0
2024-03-05,8,Case_B_floor,61845.202026681814,61845.202026681814,0.0,0.0
2024-03-05,9,Case_B_floor,61935.322860681816,61935.322860681816,0.0,0.0
2024-03-05,10,Case_B_floor,61935.322860681816,61935.322860681816,0.0,0.0
2024-03-05,11,Case_B_floor,61935.322860681816,61935.322860681816,0.0,0.0
2024-03-05,12,Case_B_floor,61935.322860681816,61935.322860681816,0.0,0.0
2024-03-05,13,Case_B_floor,61890.262443681815,61890.262443681815,0.0,0.0
2024-03-05,14,Case_B_floor,61935.322860681816,61935.322860681816,0.0,0.0
2024-03-05,15,Case_B_floor,61935.322860681816,61935.322860681816,0.0,0.0
2024-03-05,16,Case_B_floor,61935.322860681816,61935.322860681816,0.0,0.0
2024-03-05,17,Case_B_floor,61935.322860681816,61935.322860681816,0.0,0.0
2024-03-05,18,Case_B_floor,61890.262443681815,61890.262443681815,0.0,0.0
2024-03-05,19,Case_B_floor,61890.262443681815,61890.262443681815,0.0,0.0
2024-03-05,20,Case_B_floor,61890.262443681815,61890.262443681815,0.0,0.0
2024-03-05,21,Case_B_floor,61845.202026681814,61845.202026681814,0.0,0.0
2024-03-05,22,Case_B_floor,61845.202026681814,61845.202026681814,0.0,0.0
2024-03-05,23,Case_B_floor,61845.202026681814,61845.202026681814,0.0,0.0
2024-03-05,24,Case_B_floor,61845.202026681814,61845.202026681814,0.0,0.0
2024-03-05,1,Case_C_mixed,60000.0,60000.0,0.0,0.0
2024-03-05,2,Case_C_mixed,60000.0,60000.0,0.0,0.0
2024-03-05,3,Case_C_mixed,29396.047500833334,29396.047500833334,0.0,0.0
2024-03-05,4,Case_C_mixed,29396.047500833334,29396.047500833334,0.0,0.0
2024-03-05,5,Case_C_mixed,29396.047500833334,29396.047500833334,0.0,0.0
2024-03-05,6,Case_C_mixed,60000.0,60000.0,0.0,0.0
2024-03-05,7,Case_C_mixed,60000.0,60000.0,0.0,0.0
2024-03-05,8,Case_C_mixed,61845.202026681814,61845.202026681814,0.0,0.0
2024-03-05,9,Case_C_mixed,61935.322860681816,61935.322860681816,0.0,0.0
2024-03-05,10,Case_C_mixed,61935.322860681816,61935.322860681816,0.0,0.0
2024-03-05,11,Case_C_mixed,61935.322860681816,61935.322860681816,0.0,0.0
2024-03-05,12,Case_C_mixed,61935.322860681816,61935.322860681816,0.0,0.0
2024-03-05,13,Case_C_mixed,61890.262443681815,61890.262443681815,0.0,0.0
2024-03-05,14,Case_C_mixed,61935.322860681816,61935.322860681816,0.0,0.0
2024-03-05,15,Case_C_mixed,61935.322860681816,61935.322860681816,0.0,0.0
2024-03-05,16,Case_C_mixed,61935.322860681816,61935.322860681816,0.0,0.0
2024-03-05,17,Case_C_mixed,61935.322860681816,61935.322860681816,0.0,0.0
2024-03-05,18,Case_C_mixed,61890.262443681815,61890.262443681815,0.0,0.0
2024-03-05,19,Case_C_mixed,61890.262443681815,61890.262443681815,0.0,0.0
2024-03-05,20,Case_C_mixed,61890.262443681815,61890.262443681815,0.0,0.0
2024-03-05,21,Case_C_mixed,61845.202026681814,61845.202026681814,0.0,0.0
2024-03-05,22,Case_C_mixed,61845.202026681814,61845.202026681814,0.0,0.0
2024-03-05,23,Case_C_mixed,61845.202026681814,61845.202026681814,0.0,0.0
2024-03-05,24,Case_C_mixed,61845.202026681814,61845.202026681814,0.0,0.0
2024-03-05,1,Case_D_conservative,60000.0,60000.0,0.0,0.0
2024-03-05,2,Case_D_conservative,60000.0,60000.0,0.0,0.0
2024-03-05,3,Case_D_conservative,29396.047500833334,29396.047500833334,0.0,0.0
2024-03-05,4,Case_D_conservative,29396.047500833334,29396.047500833334,0.0,0.0
2024-03-05,5,Case_D_conservative,29396.047500833334,29396.047500833334,0.0,0.0
2024-03-05,6,Case_D_conservative,60000.0,60000.0,0.0,0.0
2024-03-05,7,Case_D_conservative,60000.0,60000.0,0.0,0.0
2024-03-05,8,Case_D_conservative,61845.202026681814,61845.202026681814,0.0,0.0
2024-03-05,9,Case_D_conservative,61935.322860681816,61935.322860681816,0.0,0.0
2024-03-05,10,Case_D_conservative,61935.322860681816,61935.322860681816,0.0,0.0
2024-03-05,11,Case_D_conservative,61935.322860681816,61935.322860681816,0.0,0.0
2024-03-05,12,Case_D_conservative,61935.322860681816,61935.322860681816,0.0,0.0
2024-03-05,13,Case_D_conservative,61890.262443681815,61890.262443681815,0.0,0.0
2024-03-05,14,Case_D_conservative,61935.322860681816,61935.322860681816,0.0,0.0
2024-03-05,15,Case_D_conservative,61935.322860681816,61935.322860681816,0.0,0.0
2024-03-05,16,Case_D_conservative,61935.322860681816,61935.322860681816,0.0,0.0
2024-03-05,17,Case_D_conservative,61935.322860681816,61935.322860681816,0.0,0.0
2024-03-05,18,Case_D_conservative,61890.262443681815,61890.262443681815,0.0,0.0
2024-03-05,19,Case_D_conservative,61890.262443681815,61890.262443681815,0.0,0.0
2024-03-05,20,Case_D_conservative,61890.262443681815,61890.262443681815,0.0,0.0
2024-03-05,21,Case_D_conservative,61845.202026681814,61845.202026681814,0.0,0.0
2024-03-05,22,Case_D_conservative,61845.202026681814,61845.202026681814,0.0,0.0
2024-03-05,23,Case_D_conservative,61845.202026681814,61845.202026681814,0.0,0.0
2024-03-05,24,Case_D_conservative,61845.202026681814,61845.202026681814,0.0,0.0
2024-05-16,1,Case_A_zero,29128.120595833334,29128.120595833334,0.0,0.0
2024-05-16,2,Case_A_zero,29128.120595833334,29128.120595833334,0.0,0.0
2024-05-16,3,Case_A_zero,29128.120595833334,29128.120595833334,0.0,0.0
2024-05-16,4,Case_A_zero,29128.120595833334,29128.120595833334,0.0,0.0
2024-05-16,5,Case_A_zero,29128.120595833334,29128.120595833334,0.0,0.0
2024-05-16,6,Case_A_zero,29128.120595833334,29128.120595833334,0.0,0.0
2024-05-16,7,Case_A_zero,29128.120595833334,29128.120595833334,0.0,0.0
2024-05-16,8,Case_A_zero,29128.120595833334,29128.120595833334,0.0,0.0
2024-05-16,9,Case_A_zero,29128.120595833334,29128.120595833334,0.0,0.0
2024-05-16,10,Case_A_zero,29128.120595833334,29128.120595833334,0.0,0.0
2024-05-16,11,Case_A_zero,29128.120595833334,29128.120595833334,0.0,0.0
2024-05-16,12,Case_A_zero,28860.193690833334,28860.193690833334,0.0,0.0
2024-05-16,13,Case_A_zero,28592.266785833333,28592.266785833333,0.0,0.0
2024-05-16,14,Case_A_zero,28860.193690833334,28860.193690833334,0.0,0.0
2024-05-16,15,Case_A_zero,28860.193690833334,28860.193690833334,0.0,0.0
2024-05-16,16,Case_A_zero,29128.120595833334,29128.120595833334,0.0,0.0
2024-05-16,17,Case_A_zero,29396.047500833334,29396.047500833334,0.0,0.0
2024-05-16,18,Case_A_zero,60000.0,60000.0,0.0,0.0
2024-05-16,19,Case_A_zero,60000.0,60000.0,0.0,0.0
2024-05-16,20,Case_A_zero,60000.0,60000.0,0.0,0.0
2024-05-16,21,Case_A_zero,60000.0,60000.0,0.0,0.0
2024-05-16,22,Case_A_zero,60000.0,60000.0,0.0,0.0
2024-05-16,23,Case_A_zero,60000.0,60000.0,0.0,0.0
2024-05-16,24,Case_A_zero,60000.0,60000.0,0.0,0.0
2024-05-16,1,Case_B_floor,29128.120595833334,29128.120595833334,0.0,0.0
2024-05-16,2,Case_B_floor,29128.120595833334,29128.120595833334,0.0,0.0
2024-05-16,3,Case_B_floor,29128.120595833334,29128.120595833334,0.0,0.0
2024-05-16,4,Case_B_floor,29128.120595833334,29128.120595833334,0.0,0.0
2024-05-16,5,Case_B_floor,29128.120595833334,29128.120595833334,0.0,0.0
2024-05-16,6,Case_B_floor,29128.120595833334,29128.120595833334,0.0,0.0
2024-05-16,7,Case_B_floor,29128.120595833334,29128.120595833334,0.0,0.0
2024-05-16,8,Case_B_floor,29128.120595833334,29128.120595833334,0.0,0.0
2024-05-16,9,Case_B_floor,29128.120595833334,29128.120595833334,0.0,0.0
2024-05-16,10,Case_B_floor,29128.120595833334,29128.120595833334,0.0,0.0
2024-05-16,11,Case_B_floor,29128.120595833334,29128.120595833334,0.0,0.0
2024-05-16,12,Case_B_floor,28860.193690833334,28860.193690833334,0.0,0.0
2024-05-16,13,Case_B_floor,28592.266785833333,28592.266785833333,0.0,0.0
2024-05-16,14,Case_B_floor,28860.193690833334,28860.193690833334,0.0,0.0
2024-05-16,15,Case_B_floor,28860.193690833334,28860.193690833334,0.0,0.0
2024-05-16,16,Case_B_floor,29128.120595833334,29128.120595833334,0.0,0.0
2024-05-16,17,Case_B_floor,29396.047500833334,29396.047500833334,0.0,0.0
2024-05-16,18,Case_B_floor,60000.0,60000.0,0.0,0.0
2024-05-16,19,Case_B_floor,60000.0,60000.0,0.0,0.0
2024-05-16,20,Case_B_floor,60000.0,60000.0,0.0,0.0
2024-05-16,21,Case_B_floor,60000.0,60000.0,0.0,0.0
2024-05-16,22,Case_B_floor,60000.0,60000.0,0.0,0.0
2024-05-16,23,Case_B_floor,60000.0,60000.0,0.0,0.0
2024-05-16,24,Case_B_floor,60000.0,60000.0,0.0,0.0
2024-05-16,1,Case_C_mixed,29128.120595833334,29128.120595833334,0.0,0.0
2024-05-16,2,Case_C_mixed,29128.120595833334,29128.120595833334,0.0,0.0
2024-05-16,3,Case_C_mixed,29128.120595833334,29128.120595833334,0.0,0.0
2024-05-16,4,Case_C_mixed,29128.120595833334,29128.120595833334,0.0,0.0
2024-05-16,5,Case_C_mixed,29128.120595833334,29128.120595833334,0.0,0.0
2024-05-16,6,Case_C_mixed,29128.120595833334,29128.120595833334,0.0,0.0
2024-05-16,7,Case_C_mixed,29128.120595833334,29128.120595833334,0.0,0.0
2024-05-16,8,Case_C_mixed,29128.120595833334,29128.120595833334,0.0,0.0
2024-05-16,9,Case_C_mixed,29128.120595833334,29128.120595833334,0.0,0.0
2024-05-16,10,Case_C_mixed,29128.120595833334,29128.120595833334,0.0,0.0
2024-05-16,11,Case_C_mixed,29128.120595833334,29128.120595833334,0.0,0.0
2024-05-16,12,Case_C_mixed,28860.193690833334,28860.193690833334,0.0,0.0
2024-05-16,13,Case_C_mixed,28592.266785833333,28592.266785833333,0.0,0.0
2024-05-16,14,Case_C_mixed,28860.193690833334,28860.193690833334,0.0,0.0
2024-05-16,15,Case_C_mixed,28860.193690833334,28860.193690833334,0.0,0.0
2024-05-16,16,Case_C_mixed,29128.120595833334,29128.120595833334,0.0,0.0
2024-05-16,17,Case_C_mixed,29396.047500833334,29396.047500833334,0.0,0.0
2024-05-16,18,Case_C_mixed,60000.0,60000.0,0.0,0.0
2024-05-16,19,Case_C_mixed,60000.0,60000.0,0.0,0.0
2024-05-16,20,Case_C_mixed,60000.0,60000.0,0.0,0.0
2024-05-16,21,Case_C_mixed,60000.0,60000.0,0.0,0.0
2024-05-16,22,Case_C_mixed,60000.0,60000.0,0.0,0.0
2024-05-16,23,Case_C_mixed,60000.0,60000.0,0.0,0.0
2024-05-16,24,Case_C_mixed,60000.0,60000.0,0.0,0.0
2024-05-16,1,Case_D_conservative,29128.120595833334,29128.120595833334,0.0,0.0
2024-05-16,2,Case_D_conservative,29128.120595833334,29128.120595833334,0.0,0.0
2024-05-16,3,Case_D_conservative,29128.120595833334,29128.120595833334,0.0,0.0
2024-05-16,4,Case_D_conservative,29128.120595833334,29128.120595833334,0.0,0.0
2024-05-16,5,Case_D_conservative,29128.120595833334,29128.120595833334,0.0,0.0
2024-05-16,6,Case_D_conservative,29128.120595833334,29128.120595833334,0.0,0.0
2024-05-16,7,Case_D_conservative,29128.120595833334,29128.120595833334,0.0,0.0
2024-05-16,8,Case_D_conservative,29128.120595833334,29128.120595833334,0.0,0.0
2024-05-16,9,Case_D_conservative,29128.120595833334,29128.120595833334,0.0,0.0
2024-05-16,10,Case_D_conservative,29128.120595833334,29128.120595833334,0.0,0.0
2024-05-16,11,Case_D_conservative,29128.120595833334,29128.120595833334,0.0,0.0
2024-05-16,12,Case_D_conservative,28860.193690833334,28860.193690833334,0.0,0.0
2024-05-16,13,Case_D_conservative,28592.266785833333,28592.266785833333,0.0,0.0
2024-05-16,14,Case_D_conservative,28860.193690833334,28860.193690833334,0.0,0.0
2024-05-16,15,Case_D_conservative,28860.193690833334,28860.193690833334,0.0,0.0
2024-05-16,16,Case_D_conservative,29128.120595833334,29128.120595833334,0.0,0.0
2024-05-16,17,Case_D_conservative,29396.047500833334,29396.047500833334,0.0,0.0
2024-05-16,18,Case_D_conservative,60000.0,60000.0,0.0,0.0
2024-05-16,19,Case_D_conservative,60000.0,60000.0,0.0,0.0
2024-05-16,20,Case_D_conservative,60000.0,60000.0,0.0,0.0
2024-05-16,21,Case_D_conservative,60000.0,60000.0,0.0,0.0
2024-05-16,22,Case_D_conservative,60000.0,60000.0,0.0,0.0
2024-05-16,23,Case_D_conservative,60000.0,60000.0,0.0,0.0
2024-05-16,24,Case_D_conservative,60000.0,60000.0,0.0,0.0
2024-05-22,1,Case_A_zero,29396.047500833334,29396.047500833334,0.0,0.0
2024-05-22,2,Case_A_zero,29396.047500833334,29396.047500833334,0.0,0.0
2024-05-22,3,Case_A_zero,29396.047500833334,29396.047500833334,0.0,0.0
2024-05-22,4,Case_A_zero,29396.047500833334,29396.047500833334,0.0,0.0
2024-05-22,5,Case_A_zero,29396.047500833334,29396.047500833334,0.0,0.0
2024-05-22,6,Case_A_zero,29396.047500833334,29396.047500833334,0.0,0.0
2024-05-22,7,Case_A_zero,29396.047500833334,29396.047500833334,0.0,0.0
2024-05-22,8,Case_A_zero,29396.047500833334,29396.047500833334,0.0,0.0
2024-05-22,9,Case_A_zero,60000.0,60000.0,0.0,0.0
2024-05-22,10,Case_A_zero,29396.047500833334,29396.047500833334,0.0,0.0
2024-05-22,11,Case_A_zero,29396.047500833334,29396.047500833334,0.0,0.0
2024-05-22,12,Case_A_zero,29128.120595833334,29128.120595833334,0.0,0.0
2024-05-22,13,Case_A_zero,29128.120595833334,29128.120595833334,0.0,0.0
2024-05-22,14,Case_A_zero,29396.047500833334,29396.047500833334,0.0,0.0
2024-05-22,15,Case_A_zero,29396.047500833334,29396.047500833334,0.0,0.0
2024-05-22,16,Case_A_zero,60000.0,60000.0,0.0,0.0
2024-05-22,17,Case_A_zero,60000.0,60000.0,0.0,0.0
2024-05-22,18,Case_A_zero,61845.202026681814,61845.202026681814,0.0,0.0
2024-05-22,19,Case_A_zero,61845.202026681814,61845.202026681814,0.0,0.0
2024-05-22,20,Case_A_zero,61845.202026681814,61845.202026681814,0.0,0.0
2024-05-22,21,Case_A_zero,61845.202026681814,61845.202026681814,0.0,0.0
2024-05-22,22,Case_A_zero,61845.202026681814,61845.202026681814,0.0,0.0
2024-05-22,23,Case_A_zero,60000.0,60000.0,0.0,0.0
2024-05-22,24,Case_A_zero,60000.0,60000.0,0.0,0.0
2024-05-22,1,Case_B_floor,29396.047500833334,29396.047500833334,0.0,0.0
2024-05-22,2,Case_B_floor,29396.047500833334,29396.047500833334,0.0,0.0
2024-05-22,3,Case_B_floor,29396.047500833334,29396.047500833334,0.0,0.0
2024-05-22,4,Case_B_floor,29396.047500833334,29396.047500833334,0.0,0.0
2024-05-22,5,Case_B_floor,29396.047500833334,29396.047500833334,0.0,0.0
2024-05-22,6,Case_B_floor,29396.047500833334,29396.047500833334,0.0,0.0
2024-05-22,7,Case_B_floor,29396.047500833334,29396.047500833334,0.0,0.0
2024-05-22,8,Case_B_floor,29396.047500833334,29396.047500833334,0.0,0.0
2024-05-22,9,Case_B_floor,60000.0,60000.0,0.0,0.0
2024-05-22,10,Case_B_floor,29396.047500833334,29396.047500833334,0.0,0.0
2024-05-22,11,Case_B_floor,29396.047500833334,29396.047500833334,0.0,0.0
2024-05-22,12,Case_B_floor,29128.120595833334,29128.120595833334,0.0,0.0
2024-05-22,13,Case_B_floor,29128.120595833334,29128.120595833334,0.0,0.0
2024-05-22,14,Case_B_floor,29396.047500833334,29396.047500833334,0.0,0.0
2024-05-22,15,Case_B_floor,29396.047500833334,29396.047500833334,0.0,0.0
2024-05-22,16,Case_B_floor,60000.0,60000.0,0.0,0.0
2024-05-22,17,Case_B_floor,60000.0,60000.0,0.0,0.0
2024-05-22,18,Case_B_floor,61845.202026681814,61845.202026681814,0.0,0.0
2024-05-22,19,Case_B_floor,61845.202026681814,61845.202026681814,0.0,0.0
2024-05-22,20,Case_B_floor,61845.202026681814,61845.202026681814,0.0,0.0
2024-05-22,21,Case_B_floor,61845.202026681814,61845.202026681814,0.0,0.0
2024-05-22,22,Case_B_floor,61845.202026681814,61845.202026681814,0.0,0.0
2024-05-22,23,Case_B_floor,60000.0,60000.0,0.0,0.0
2024-05-22,24,Case_B_floor,60000.0,60000.0,0.0,0.0
2024-05-22,1,Case_C_mixed,29396.047500833334,29396.047500833334,0.0,0.0
2024-05-22,2,Case_C_mixed,29396.047500833334,29396.047500833334,0.0,0.0
2024-05-22,3,Case_C_mixed,29396.047500833334,29396.047500833334,0.0,0.0
2024-05-22,4,Case_C_mixed,29396.047500833334,29396.047500833334,0.0,0.0
2024-05-22,5,Case_C_mixed,29396.047500833334,29396.047500833334,0.0,0.0
2024-05-22,6,Case_C_mixed,29396.047500833334,29396.047500833334,0.0,0.0
2024-05-22,7,Case_C_mixed,29396.047500833334,29396.047500833334,0.0,0.0
2024-05-22,8,Case_C_mixed,29396.047500833334,29396.047500833334,0.0,0.0
2024-05-22,9,Case_C_mixed,60000.0,60000.0,0.0,0.0
2024-05-22,10,Case_C_mixed,29396.047500833334,29396.047500833334,0.0,0.0
2024-05-22,11,Case_C_mixed,29396.047500833334,29396.047500833334,0.0,0.0
2024-05-22,12,Case_C_mixed,29128.120595833334,29128.120595833334,0.0,0.0
2024-05-22,13,Case_C_mixed,29128.120595833334,29128.120595833334,0.0,0.0
2024-05-22,14,Case_C_mixed,29396.047500833334,29396.047500833334,0.0,0.0
2024-05-22,15,Case_C_mixed,29396.047500833334,29396.047500833334,0.0,0.0
2024-05-22,16,Case_C_mixed,60000.0,60000.0,0.0,0.0
2024-05-22,17,Case_C_mixed,60000.0,60000.0,0.0,0.0
2024-05-22,18,Case_C_mixed,61845.202026681814,61845.202026681814,0.0,0.0
2024-05-22,19,Case_C_mixed,61845.202026681814,61845.202026681814,0.0,0.0
2024-05-22,20,Case_C_mixed,61845.202026681814,61845.202026681814,0.0,0.0
2024-05-22,21,Case_C_mixed,61845.202026681814,61845.202026681814,0.0,0.0
2024-05-22,22,Case_C_mixed,61845.202026681814,61845.202026681814,0.0,0.0
2024-05-22,23,Case_C_mixed,60000.0,60000.0,0.0,0.0
2024-05-22,24,Case_C_mixed,60000.0,60000.0,0.0,0.0
2024-05-22,1,Case_D_conservative,29396.047500833334,29396.047500833334,0.0,0.0
2024-05-22,2,Case_D_conservative,29396.047500833334,29396.047500833334,0.0,0.0
2024-05-22,3,Case_D_conservative,29396.047500833334,29396.047500833334,0.0,0.0
2024-05-22,4,Case_D_conservative,29396.047500833334,29396.047500833334,0.0,0.0
2024-05-22,5,Case_D_conservative,29396.047500833334,29396.047500833334,0.0,0.0
2024-05-22,6,Case_D_conservative,29396.047500833334,29396.047500833334,0.0,0.0
2024-05-22,7,Case_D_conservative,29396.047500833334,29396.047500833334,0.0,0.0
2024-05-22,8,Case_D_conservative,29396.047500833334,29396.047500833334,0.0,0.0
2024-05-22,9,Case_D_conservative,60000.0,60000.0,0.0,0.0
2024-05-22,10,Case_D_conservative,29396.047500833334,29396.047500833334,0.0,0.0
2024-05-22,11,Case_D_conservative,29396.047500833334,29396.047500833334,0.0,0.0
2024-05-22,12,Case_D_conservative,29128.120595833334,29128.120595833334,0.0,0.0
2024-05-22,13,Case_D_conservative,29128.120595833334,29128.120595833334,0.0,0.0
2024-05-22,14,Case_D_conservative,29396.047500833334,29396.047500833334,0.0,0.0
2024-05-22,15,Case_D_conservative,29396.047500833334,29396.047500833334,0.0,0.0
2024-05-22,16,Case_D_conservative,60000.0,60000.0,0.0,0.0
2024-05-22,17,Case_D_conservative,60000.0,60000.0,0.0,0.0
2024-05-22,18,Case_D_conservative,61845.202026681814,61845.202026681814,0.0,0.0
2024-05-22,19,Case_D_conservative,61845.202026681814,61845.202026681814,0.0,0.0
2024-05-22,20,Case_D_conservative,61845.202026681814,61845.202026681814,0.0,0.0
2024-05-22,21,Case_D_conservative,61845.202026681814,61845.202026681814,0.0,0.0
2024-05-22,22,Case_D_conservative,61845.202026681814,61845.202026681814,0.0,0.0
2024-05-22,23,Case_D_conservative,60000.0,60000.0,0.0,0.0
2024-05-22,24,Case_D_conservative,60000.0,60000.0,0.0,0.0
2024-06-16,1,Case_A_zero,29396.047500833334,29396.047500833334,0.0,0.0
2024-06-16,2,Case_A_zero,29396.047500833334,29396.047500833334,0.0,0.0
2024-06-16,3,Case_A_zero,29128.120595833334,29128.120595833334,0.0,0.0
2024-06-16,4,Case_A_zero,29128.120595833334,29128.120595833334,0.0,0.0
2024-06-16,5,Case_A_zero,29128.120595833334,29128.120595833334,0.0,0.0
2024-06-16,6,Case_A_zero,29128.120595833334,29128.120595833334,0.0,0.0
2024-06-16,7,Case_A_zero,29128.120595833334,29128.120595833334,0.0,0.0
2024-06-16,8,Case_A_zero,28860.193690833334,28860.193690833334,0.0,0.0
2024-06-16,9,Case_A_zero,28860.193690833334,28860.193690833334,0.0,0.0
2024-06-16,10,Case_A_zero,28592.266785833333,28592.266785833333,0.0,0.0
2024-06-16,11,Case_A_zero,28592.266785833333,28592.266785833333,0.0,0.0
2024-06-16,12,Case_A_zero,28592.266785833333,28592.266785833333,0.0,0.0
2024-06-16,13,Case_A_zero,28592.266785833333,28592.266785833333,0.0,0.0
2024-06-16,14,Case_A_zero,28860.193690833334,28860.193690833334,0.0,0.0
2024-06-16,15,Case_A_zero,28860.193690833334,28860.193690833334,0.0,0.0
2024-06-16,16,Case_A_zero,28860.193690833334,28860.193690833334,0.0,0.0
2024-06-16,17,Case_A_zero,29128.120595833334,29128.120595833334,0.0,0.0
2024-06-16,18,Case_A_zero,29396.047500833334,29396.047500833334,0.0,0.0
2024-06-16,19,Case_A_zero,60000.0,60000.0,0.0,0.0
2024-06-16,20,Case_A_zero,60000.0,60000.0,0.0,0.0
2024-06-16,21,Case_A_zero,60000.0,60000.0,0.0,0.0
2024-06-16,22,Case_A_zero,60000.0,60000.0,0.0,0.0
2024-06-16,23,Case_A_zero,60000.0,60000.0,0.0,0.0
2024-06-16,24,Case_A_zero,29396.047500833334,29396.047500833334,0.0,0.0
2024-06-16,1,Case_B_floor,29396.047500833334,29396.047500833334,0.0,0.0
2024-06-16,2,Case_B_floor,29396.047500833334,29396.047500833334,0.0,0.0
2024-06-16,3,Case_B_floor,29128.120595833334,29128.120595833334,0.0,0.0
2024-06-16,4,Case_B_floor,29128.120595833334,29128.120595833334,0.0,0.0
2024-06-16,5,Case_B_floor,29128.120595833334,29128.120595833334,0.0,0.0
2024-06-16,6,Case_B_floor,29128.120595833334,29128.120595833334,0.0,0.0
2024-06-16,7,Case_B_floor,29128.120595833334,29128.120595833334,0.0,0.0
2024-06-16,8,Case_B_floor,28860.193690833334,28860.193690833334,0.0,0.0
2024-06-16,9,Case_B_floor,28860.193690833334,28860.193690833334,0.0,0.0
2024-06-16,10,Case_B_floor,28592.266785833333,28592.266785833333,0.0,0.0
2024-06-16,11,Case_B_floor,28592.266785833333,28592.266785833333,0.0,0.0
2024-06-16,12,Case_B_floor,28592.266785833333,28592.266785833333,0.0,0.0
2024-06-16,13,Case_B_floor,28592.266785833333,28592.266785833333,0.0,0.0
2024-06-16,14,Case_B_floor,28860.193690833334,28860.193690833334,0.0,0.0
2024-06-16,15,Case_B_floor,28860.193690833334,28860.193690833334,0.0,0.0
2024-06-16,16,Case_B_floor,28860.193690833334,28860.193690833334,0.0,0.0
2024-06-16,17,Case_B_floor,29128.120595833334,29128.120595833334,0.0,0.0
2024-06-16,18,Case_B_floor,29396.047500833334,29396.047500833334,0.0,0.0
2024-06-16,19,Case_B_floor,60000.0,60000.0,0.0,0.0
2024-06-16,20,Case_B_floor,60000.0,60000.0,0.0,0.0
2024-06-16,21,Case_B_floor,60000.0,60000.0,0.0,0.0
2024-06-16,22,Case_B_floor,60000.0,60000.0,0.0,0.0
2024-06-16,23,Case_B_floor,60000.0,60000.0,0.0,0.0
2024-06-16,24,Case_B_floor,29396.047500833334,29396.047500833334,0.0,0.0
2024-06-16,1,Case_C_mixed,29396.047500833334,29396.047500833334,0.0,0.0
2024-06-16,2,Case_C_mixed,29396.047500833334,29396.047500833334,0.0,0.0
2024-06-16,3,Case_C_mixed,29128.120595833334,29128.120595833334,0.0,0.0
2024-06-16,4,Case_C_mixed,29128.120595833334,29128.120595833334,0.0,0.0
2024-06-16,5,Case_C_mixed,29128.120595833334,29128.120595833334,0.0,0.0
2024-06-16,6,Case_C_mixed,29128.120595833334,29128.120595833334,0.0,0.0
2024-06-16,7,Case_C_mixed,29128.120595833334,29128.120595833334,0.0,0.0
2024-06-16,8,Case_C_mixed,28860.193690833334,28860.193690833334,0.0,0.0
2024-06-16,9,Case_C_mixed,28860.193690833334,28860.193690833334,0.0,0.0
2024-06-16,10,Case_C_mixed,28592.266785833333,28592.266785833333,0.0,0.0
2024-06-16,11,Case_C_mixed,28592.266785833333,28592.266785833333,0.0,0.0
2024-06-16,12,Case_C_mixed,28592.266785833333,28592.266785833333,0.0,0.0
2024-06-16,13,Case_C_mixed,28592.266785833333,28592.266785833333,0.0,0.0
2024-06-16,14,Case_C_mixed,28860.193690833334,28860.193690833334,0.0,0.0
2024-06-16,15,Case_C_mixed,28860.193690833334,28860.193690833334,0.0,0.0
2024-06-16,16,Case_C_mixed,28860.193690833334,28860.193690833334,0.0,0.0
2024-06-16,17,Case_C_mixed,29128.120595833334,29128.120595833334,0.0,0.0
2024-06-16,18,Case_C_mixed,29396.047500833334,29396.047500833334,0.0,0.0
2024-06-16,19,Case_C_mixed,60000.0,60000.0,0.0,0.0
2024-06-16,20,Case_C_mixed,60000.0,60000.0,0.0,0.0
2024-06-16,21,Case_C_mixed,60000.0,60000.0,0.0,0.0
2024-06-16,22,Case_C_mixed,60000.0,60000.0,0.0,0.0
2024-06-16,23,Case_C_mixed,60000.0,60000.0,0.0,0.0
2024-06-16,24,Case_C_mixed,29396.047500833334,29396.047500833334,0.0,0.0
2024-06-16,1,Case_D_conservative,29396.047500833334,29396.047500833334,0.0,0.0
2024-06-16,2,Case_D_conservative,29396.047500833334,29396.047500833334,0.0,0.0
2024-06-16,3,Case_D_conservative,29128.120595833334,29128.120595833334,0.0,0.0
2024-06-16,4,Case_D_conservative,29128.120595833334,29128.120595833334,0.0,0.0
2024-06-16,5,Case_D_conservative,29128.120595833334,29128.120595833334,0.0,0.0
2024-06-16,6,Case_D_conservative,29128.120595833334,29128.120595833334,0.0,0.0
2024-06-16,7,Case_D_conservative,29128.120595833334,29128.120595833334,0.0,0.0
2024-06-16,8,Case_D_conservative,28860.193690833334,28860.193690833334,0.0,0.0
2024-06-16,9,Case_D_conservative,28860.193690833334,28860.193690833334,0.0,0.0
2024-06-16,10,Case_D_conservative,28592.266785833333,28592.266785833333,0.0,0.0
2024-06-16,11,Case_D_conservative,28592.266785833333,28592.266785833333,0.0,0.0
2024-06-16,12,Case_D_conservative,28592.266785833333,28592.266785833333,0.0,0.0
2024-06-16,13,Case_D_conservative,28592.266785833333,28592.266785833333,0.0,0.0
2024-06-16,14,Case_D_conservative,28860.193690833334,28860.193690833334,0.0,0.0
2024-06-16,15,Case_D_conservative,28860.193690833334,28860.193690833334,0.0,0.0
2024-06-16,16,Case_D_conservative,28860.193690833334,28860.193690833334,0.0,0.0
2024-06-16,17,Case_D_conservative,29128.120595833334,29128.120595833334,0.0,0.0
2024-06-16,18,Case_D_conservative,29396.047500833334,29396.047500833334,0.0,0.0
2024-06-16,19,Case_D_conservative,60000.0,60000.0,0.0,0.0
2024-06-16,20,Case_D_conservative,60000.0,60000.0,0.0,0.0
2024-06-16,21,Case_D_conservative,60000.0,60000.0,0.0,0.0
2024-06-16,22,Case_D_conservative,60000.0,60000.0,0.0,0.0
2024-06-16,23,Case_D_conservative,60000.0,60000.0,0.0,0.0
2024-06-16,24,Case_D_conservative,29396.047500833334,29396.047500833334,0.0,0.0
2024-06-21,1,Case_A_zero,60000.0,60000.0,0.0,0.0
2024-06-21,2,Case_A_zero,60000.0,60000.0,0.0,0.0
2024-06-21,3,Case_A_zero,29396.047500833334,29396.047500833334,0.0,0.0
2024-06-21,4,Case_A_zero,29396.047500833334,29396.047500833334,0.0,0.0
2024-06-21,5,Case_A_zero,29396.047500833334,29396.047500833334,0.0,0.0
2024-06-21,6,Case_A_zero,29396.047500833334,29396.047500833334,0.0,0.0
2024-06-21,7,Case_A_zero,60000.0,60000.0,0.0,0.0
2024-06-21,8,Case_A_zero,60000.0,60000.0,0.0,0.0
2024-06-21,9,Case_A_zero,61845.202026681814,61845.202026681814,0.0,0.0
2024-06-21,10,Case_A_zero,61845.202026681814,61845.202026681814,0.0,0.0
2024-06-21,11,Case_A_zero,61845.202026681814,61845.202026681814,0.0,0.0
2024-06-21,12,Case_A_zero,61845.202026681814,61845.202026681814,0.0,0.0
2024-06-21,13,Case_A_zero,61845.202026681814,61845.202026681814,0.0,0.0
2024-06-21,14,Case_A_zero,61845.202026681814,61845.202026681814,0.0,0.0
2024-06-21,15,Case_A_zero,61890.262443681815,61890.262443681815,0.0,0.0
2024-06-21,16,Case_A_zero,61890.262443681815,61890.262443681815,0.0,0.0
2024-06-21,17,Case_A_zero,61890.262443681815,61890.262443681815,0.0,0.0
2024-06-21,18,Case_A_zero,61890.262443681815,61890.262443681815,0.0,0.0
2024-06-21,19,Case_A_zero,61935.322860681816,61935.322860681816,0.0,0.0
2024-06-21,20,Case_A_zero,61935.322860681816,61935.322860681816,0.0,0.0
2024-06-21,21,Case_A_zero,61890.262443681815,61890.262443681815,0.0,0.0
2024-06-21,22,Case_A_zero,61890.262443681815,61890.262443681815,0.0,0.0
2024-06-21,23,Case_A_zero,61845.202026681814,61845.202026681814,0.0,0.0
2024-06-21,24,Case_A_zero,61845.202026681814,61845.202026681814,0.0,0.0
2024-06-21,1,Case_B_floor,60000.0,60000.0,0.0,0.0
2024-06-21,2,Case_B_floor,60000.0,60000.0,0.0,0.0
2024-06-21,3,Case_B_floor,29396.047500833334,29396.047500833334,0.0,0.0
2024-06-21,4,Case_B_floor,29396.047500833334,29396.047500833334,0.0,0.0
2024-06-21,5,Case_B_floor,29396.047500833334,29396.047500833334,0.0,0.0
2024-06-21,6,Case_B_floor,29396.047500833334,29396.047500833334,0.0,0.0
2024-06-21,7,Case_B_floor,60000.0,60000.0,0.0,0.0
2024-06-21,8,Case_B_floor,60000.0,60000.0,0.0,0.0
2024-06-21,9,Case_B_floor,61845.202026681814,61845.202026681814,0.0,0.0
2024-06-21,10,Case_B_floor,61845.202026681814,61845.202026681814,0.0,0.0
2024-06-21,11,Case_B_floor,61845.202026681814,61845.202026681814,0.0,0.0
2024-06-21,12,Case_B_floor,61845.202026681814,61845.202026681814,0.0,0.0
2024-06-21,13,Case_B_floor,61845.202026681814,61845.202026681814,0.0,0.0
2024-06-21,14,Case_B_floor,61845.202026681814,61845.202026681814,0.0,0.0
2024-06-21,15,Case_B_floor,61890.262443681815,61890.262443681815,0.0,0.0
2024-06-21,16,Case_B_floor,61890.262443681815,61890.262443681815,0.0,0.0
2024-06-21,17,Case_B_floor,61890.262443681815,61890.262443681815,0.0,0.0
2024-06-21,18,Case_B_floor,61890.262443681815,61890.262443681815,0.0,0.0
2024-06-21,19,Case_B_floor,61935.322860681816,61935.322860681816,0.0,0.0
2024-06-21,20,Case_B_floor,61935.322860681816,61935.322860681816,0.0,0.0
2024-06-21,21,Case_B_floor,61890.262443681815,61890.262443681815,0.0,0.0
2024-06-21,22,Case_B_floor,61890.262443681815,61890.262443681815,0.0,0.0
2024-06-21,23,Case_B_floor,61845.202026681814,61845.202026681814,0.0,0.0
2024-06-21,24,Case_B_floor,61845.202026681814,61845.202026681814,0.0,0.0
2024-06-21,1,Case_C_mixed,60000.0,60000.0,0.0,0.0
2024-06-21,2,Case_C_mixed,60000.0,60000.0,0.0,0.0
2024-06-21,3,Case_C_mixed,29396.047500833334,29396.047500833334,0.0,0.0
2024-06-21,4,Case_C_mixed,29396.047500833334,29396.047500833334,0.0,0.0
2024-06-21,5,Case_C_mixed,29396.047500833334,29396.047500833334,0.0,0.0
2024-06-21,6,Case_C_mixed,29396.047500833334,29396.047500833334,0.0,0.0
2024-06-21,7,Case_C_mixed,60000.0,60000.0,0.0,0.0
2024-06-21,8,Case_C_mixed,60000.0,60000.0,0.0,0.0
2024-06-21,9,Case_C_mixed,61845.202026681814,61845.202026681814,0.0,0.0
2024-06-21,10,Case_C_mixed,61845.202026681814,61845.202026681814,0.0,0.0
2024-06-21,11,Case_C_mixed,61845.202026681814,61845.202026681814,0.0,0.0
2024-06-21,12,Case_C_mixed,61845.202026681814,61845.202026681814,0.0,0.0
2024-06-21,13,Case_C_mixed,61845.202026681814,61845.202026681814,0.0,0.0
2024-06-21,14,Case_C_mixed,61845.202026681814,61845.202026681814,0.0,0.0
2024-06-21,15,Case_C_mixed,61890.262443681815,61890.262443681815,0.0,0.0
2024-06-21,16,Case_C_mixed,61890.262443681815,61890.262443681815,0.0,0.0
2024-06-21,17,Case_C_mixed,61890.262443681815,61890.262443681815,0.0,0.0
2024-06-21,18,Case_C_mixed,61890.262443681815,61890.262443681815,0.0,0.0
2024-06-21,19,Case_C_mixed,61935.322860681816,61935.322860681816,0.0,0.0
2024-06-21,20,Case_C_mixed,61935.322860681816,61935.322860681816,0.0,0.0
2024-06-21,21,Case_C_mixed,61890.262443681815,61890.262443681815,0.0,0.0
2024-06-21,22,Case_C_mixed,61890.262443681815,61890.262443681815,0.0,0.0
2024-06-21,23,Case_C_mixed,61845.202026681814,61845.202026681814,0.0,0.0
2024-06-21,24,Case_C_mixed,61845.202026681814,61845.202026681814,0.0,0.0
2024-06-21,1,Case_D_conservative,60000.0,60000.0,0.0,0.0
2024-06-21,2,Case_D_conservative,60000.0,60000.0,0.0,0.0
2024-06-21,3,Case_D_conservative,29396.047500833334,29396.047500833334,0.0,0.0
2024-06-21,4,Case_D_conservative,29396.047500833334,29396.047500833334,0.0,0.0
2024-06-21,5,Case_D_conservative,29396.047500833334,29396.047500833334,0.0,0.0
2024-06-21,6,Case_D_conservative,29396.047500833334,29396.047500833334,0.0,0.0
2024-06-21,7,Case_D_conservative,60000.0,60000.0,0.0,0.0
2024-06-21,8,Case_D_conservative,60000.0,60000.0,0.0,0.0
2024-06-21,9,Case_D_conservative,61845.202026681814,61845.202026681814,0.0,0.0
2024-06-21,10,Case_D_conservative,61845.202026681814,61845.202026681814,0.0,0.0
2024-06-21,11,Case_D_conservative,61845.202026681814,61845.202026681814,0.0,0.0
2024-06-21,12,Case_D_conservative,61845.202026681814,61845.202026681814,0.0,0.0
2024-06-21,13,Case_D_conservative,61845.202026681814,61845.202026681814,0.0,0.0
2024-06-21,14,Case_D_conservative,61845.202026681814,61845.202026681814,0.0,0.0
2024-06-21,15,Case_D_conservative,61890.262443681815,61890.262443681815,0.0,0.0
2024-06-21,16,Case_D_conservative,61890.262443681815,61890.262443681815,0.0,0.0
2024-06-21,17,Case_D_conservative,61890.262443681815,61890.262443681815,0.0,0.0
2024-06-21,18,Case_D_conservative,61890.262443681815,61890.262443681815,0.0,0.0
2024-06-21,19,Case_D_conservative,61935.322860681816,61935.322860681816,0.0,0.0
2024-06-21,20,Case_D_conservative,61935.322860681816,61935.322860681816,0.0,0.0
2024-06-21,21,Case_D_conservative,61890.262443681815,61890.262443681815,0.0,0.0
2024-06-21,22,Case_D_conservative,61890.262443681815,61890.262443681815,0.0,0.0
2024-06-21,23,Case_D_conservative,61845.202026681814,61845.202026681814,0.0,0.0
2024-06-21,24,Case_D_conservative,61845.202026681814,61845.202026681814,0.0,0.0
2024-08-20,1,Case_A_zero,61890.262443681815,61890.262443681815,0.0,0.0
2024-08-20,2,Case_A_zero,61845.202026681814,61845.202026681814,0.0,0.0
2024-08-20,3,Case_A_zero,61845.202026681814,61845.202026681814,0.0,0.0
2024-08-20,4,Case_A_zero,61845.202026681814,61845.202026681814,0.0,0.0
2024-08-20,5,Case_A_zero,61845.202026681814,61845.202026681814,0.0,0.0
2024-08-20,6,Case_A_zero,61845.202026681814,61845.202026681814,0.0,0.0
2024-08-20,7,Case_A_zero,61890.262443681815,61890.262443681815,0.0,0.0
2024-08-20,8,Case_A_zero,61935.322860681816,61935.322860681816,0.0,0.0
2024-08-20,9,Case_A_zero,60000.0,60000.0,0.0,0.0
2024-08-20,10,Case_A_zero,80049.927979,80049.927979,0.0,0.0
2024-08-20,11,Case_A_zero,80049.927979,80049.927979,0.0,0.0
2024-08-20,12,Case_A_zero,80049.927979,80049.927979,0.0,0.0
2024-08-20,13,Case_A_zero,80049.927979,80049.927979,0.0,0.0
2024-08-20,14,Case_A_zero,80049.927979,80049.927979,0.0,0.0
2024-08-20,15,Case_A_zero,80107.26393700001,80107.26393700001,0.0,0.0
2024-08-20,16,Case_A_zero,80107.26393700001,80107.26393700001,0.0,0.0
2024-08-20,17,Case_A_zero,80107.26393700001,80107.26393700001,0.0,0.0
2024-08-20,18,Case_A_zero,80107.26393700001,80107.26393700001,0.0,0.0
2024-08-20,19,Case_A_zero,80107.26393700001,80107.26393700001,0.0,0.0
2024-08-20,20,Case_A_zero,80107.26393700001,80107.26393700001,0.0,0.0
2024-08-20,21,Case_A_zero,80107.26393700001,80107.26393700001,0.0,0.0
2024-08-20,22,Case_A_zero,80049.927979,80049.927979,0.0,0.0
2024-08-20,23,Case_A_zero,60000.0,60000.0,0.0,0.0
2024-08-20,24,Case_A_zero,61935.322860681816,61935.322860681816,0.0,0.0
2024-08-20,1,Case_B_floor,61890.262443681815,61890.262443681815,0.0,0.0
2024-08-20,2,Case_B_floor,61845.202026681814,61845.202026681814,0.0,0.0
2024-08-20,3,Case_B_floor,61845.202026681814,61845.202026681814,0.0,0.0
2024-08-20,4,Case_B_floor,61845.202026681814,61845.202026681814,0.0,0.0
2024-08-20,5,Case_B_floor,61845.202026681814,61845.202026681814,0.0,0.0
2024-08-20,6,Case_B_floor,61845.202026681814,61845.202026681814,0.0,0.0
2024-08-20,7,Case_B_floor,61890.262443681815,61890.262443681815,0.0,0.0
2024-08-20,8,Case_B_floor,61935.322860681816,61935.322860681816,0.0,0.0
2024-08-20,9,Case_B_floor,60000.0,60000.0,0.0,0.0
2024-08-20,10,Case_B_floor,80049.927979,80049.927979,0.0,0.0
2024-08-20,11,Case_B_floor,80049.927979,80049.927979,0.0,0.0
2024-08-20,12,Case_B_floor,80049.927979,80049.927979,0.0,0.0
2024-08-20,13,Case_B_floor,80049.927979,80049.927979,0.0,0.0
2024-08-20,14,Case_B_floor,80049.927979,80049.927979,0.0,0.0
2024-08-20,15,Case_B_floor,80107.26393700001,80107.26393700001,0.0,0.0
2024-08-20,16,Case_B_floor,80107.26393700001,80107.26393700001,0.0,0.0
2024-08-20,17,Case_B_floor,80107.26393700001,80107.26393700001,0.0,0.0
2024-08-20,18,Case_B_floor,80107.26393700001,80107.26393700001,0.0,0.0
2024-08-20,19,Case_B_floor,80107.26393700001,80107.26393700001,0.0,0.0
2024-08-20,20,Case_B_floor,80107.26393700001,80107.26393700001,0.0,0.0
2024-08-20,21,Case_B_floor,80107.26393700001,80107.26393700001,0.0,0.0
2024-08-20,22,Case_B_floor,80049.927979,80049.927979,0.0,0.0
2024-08-20,23,Case_B_floor,60000.0,60000.0,0.0,0.0
2024-08-20,24,Case_B_floor,61935.322860681816,61935.322860681816,0.0,0.0
2024-08-20,1,Case_C_mixed,61890.262443681815,61890.262443681815,0.0,0.0
2024-08-20,2,Case_C_mixed,61845.202026681814,61845.202026681814,0.0,0.0
2024-08-20,3,Case_C_mixed,61845.202026681814,61845.202026681814,0.0,0.0
2024-08-20,4,Case_C_mixed,61845.202026681814,61845.202026681814,0.0,0.0
2024-08-20,5,Case_C_mixed,61845.202026681814,61845.202026681814,0.0,0.0
2024-08-20,6,Case_C_mixed,61845.202026681814,61845.202026681814,0.0,0.0
2024-08-20,7,Case_C_mixed,61890.262443681815,61890.262443681815,0.0,0.0
2024-08-20,8,Case_C_mixed,61935.322860681816,61935.322860681816,0.0,0.0
2024-08-20,9,Case_C_mixed,60000.0,60000.0,0.0,0.0
2024-08-20,10,Case_C_mixed,80049.927979,80049.927979,0.0,0.0
2024-08-20,11,Case_C_mixed,80049.927979,80049.927979,0.0,0.0
2024-08-20,12,Case_C_mixed,80049.927979,80049.927979,0.0,0.0
2024-08-20,13,Case_C_mixed,80049.927979,80049.927979,0.0,0.0
2024-08-20,14,Case_C_mixed,80049.927979,80049.927979,0.0,0.0
2024-08-20,15,Case_C_mixed,80107.26393700001,80107.26393700001,0.0,0.0
2024-08-20,16,Case_C_mixed,80107.26393700001,80107.26393700001,0.0,0.0
2024-08-20,17,Case_C_mixed,80107.26393700001,80107.26393700001,0.0,0.0
2024-08-20,18,Case_C_mixed,80107.26393700001,80107.26393700001,0.0,0.0
2024-08-20,19,Case_C_mixed,80107.26393700001,80107.26393700001,0.0,0.0
2024-08-20,20,Case_C_mixed,80107.26393700001,80107.26393700001,0.0,0.0
2024-08-20,21,Case_C_mixed,80107.26393700001,80107.26393700001,0.0,0.0
2024-08-20,22,Case_C_mixed,80049.927979,80049.927979,0.0,0.0
2024-08-20,23,Case_C_mixed,60000.0,60000.0,0.0,0.0
2024-08-20,24,Case_C_mixed,61935.322860681816,61935.322860681816,0.0,0.0
2024-08-20,1,Case_D_conservative,61890.262443681815,61890.262443681815,0.0,0.0
2024-08-20,2,Case_D_conservative,61845.202026681814,61845.202026681814,0.0,0.0
2024-08-20,3,Case_D_conservative,61845.202026681814,61845.202026681814,0.0,0.0
2024-08-20,4,Case_D_conservative,61845.202026681814,61845.202026681814,0.0,0.0
2024-08-20,5,Case_D_conservative,61845.202026681814,61845.202026681814,0.0,0.0
2024-08-20,6,Case_D_conservative,61845.202026681814,61845.202026681814,0.0,0.0
2024-08-20,7,Case_D_conservative,61890.262443681815,61890.262443681815,0.0,0.0
2024-08-20,8,Case_D_conservative,61935.322860681816,61935.322860681816,0.0,0.0
2024-08-20,9,Case_D_conservative,60000.0,60000.0,0.0,0.0
2024-08-20,10,Case_D_conservative,80049.927979,80049.927979,0.0,0.0
2024-08-20,11,Case_D_conservative,80049.927979,80049.927979,0.0,0.0
2024-08-20,12,Case_D_conservative,80049.927979,80049.927979,0.0,0.0
2024-08-20,13,Case_D_conservative,80049.927979,80049.927979,0.0,0.0
2024-08-20,14,Case_D_conservative,80049.927979,80049.927979,0.0,0.0
2024-08-20,15,Case_D_conservative,80107.26393700001,80107.26393700001,0.0,0.0
2024-08-20,16,Case_D_conservative,80107.26393700001,80107.26393700001,0.0,0.0
2024-08-20,17,Case_D_conservative,80107.26393700001,80107.26393700001,0.0,0.0
2024-08-20,18,Case_D_conservative,80107.26393700001,80107.26393700001,0.0,0.0
2024-08-20,19,Case_D_conservative,80107.26393700001,80107.26393700001,0.0,0.0
2024-08-20,20,Case_D_conservative,80107.26393700001,80107.26393700001,0.0,0.0
2024-08-20,21,Case_D_conservative,80107.26393700001,80107.26393700001,0.0,0.0
2024-08-20,22,Case_D_conservative,80049.927979,80049.927979,0.0,0.0
2024-08-20,23,Case_D_conservative,60000.0,60000.0,0.0,0.0
2024-08-20,24,Case_D_conservative,61935.322860681816,61935.322860681816,0.0,0.0
2024-09-11,1,Case_A_zero,61890.262443681815,61890.262443681815,0.0,0.0
2024-09-11,2,Case_A_zero,61845.202026681814,61845.202026681814,0.0,0.0
2024-09-11,3,Case_A_zero,61845.202026681814,61845.202026681814,0.0,0.0
2024-09-11,4,Case_A_zero,60000.0,60000.0,0.0,0.0
2024-09-11,5,Case_A_zero,60000.0,60000.0,0.0,0.0
2024-09-11,6,Case_A_zero,61845.202026681814,61845.202026681814,0.0,0.0
2024-09-11,7,Case_A_zero,61845.202026681814,61845.202026681814,0.0,0.0
2024-09-11,8,Case_A_zero,61890.262443681815,61890.262443681815,0.0,0.0
2024-09-11,9,Case_A_zero,60000.0,60000.0,0.0,0.0
2024-09-11,10,Case_A_zero,60000.0,60000.0,0.0,0.0
2024-09-11,11,Case_A_zero,80049.927979,80049.927979,0.0,0.0
2024-09-11,12,Case_A_zero,80049.927979,80049.927979,0.0,0.0
2024-09-11,13,Case_A_zero,60000.0,60000.0,0.0,0.0
2024-09-11,14,Case_A_zero,80049.927979,80049.927979,0.0,0.0
2024-09-11,15,Case_A_zero,80049.927979,80049.927979,0.0,0.0
2024-09-11,16,Case_A_zero,80107.26393700001,80107.26393700001,0.0,0.0
2024-09-11,17,Case_A_zero,80107.26393700001,80107.26393700001,0.0,0.0
2024-09-11,18,Case_A_zero,80049.927979,80049.927979,0.0,0.0
2024-09-11,19,Case_A_zero,80049.927979,80049.927979,0.0,0.0
2024-09-11,20,Case_A_zero,80049.927979,80049.927979,0.0,0.0
2024-09-11,21,Case_A_zero,80049.927979,80049.927979,0.0,0.0
2024-09-11,22,Case_A_zero,60000.0,60000.0,0.0,0.0
2024-09-11,23,Case_A_zero,61935.322860681816,61935.322860681816,0.0,0.0
2024-09-11,24,Case_A_zero,61890.262443681815,61890.262443681815,0.0,0.0
2024-09-11,1,Case_B_floor,61890.262443681815,61890.262443681815,0.0,0.0
2024-09-11,2,Case_B_floor,61845.202026681814,61845.202026681814,0.0,0.0
2024-09-11,3,Case_B_floor,61845.202026681814,61845.202026681814,0.0,0.0
2024-09-11,4,Case_B_floor,60000.0,60000.0,0.0,0.0
2024-09-11,5,Case_B_floor,60000.0,60000.0,0.0,0.0
2024-09-11,6,Case_B_floor,61845.202026681814,61845.202026681814,0.0,0.0
2024-09-11,7,Case_B_floor,61845.202026681814,61845.202026681814,0.0,0.0
2024-09-11,8,Case_B_floor,61890.262443681815,61890.262443681815,0.0,0.0
2024-09-11,9,Case_B_floor,60000.0,60000.0,0.0,0.0
2024-09-11,10,Case_B_floor,60000.0,60000.0,0.0,0.0
2024-09-11,11,Case_B_floor,80049.927979,80049.927979,0.0,0.0
2024-09-11,12,Case_B_floor,80049.927979,80049.927979,0.0,0.0
2024-09-11,13,Case_B_floor,60000.0,60000.0,0.0,0.0
2024-09-11,14,Case_B_floor,80049.927979,80049.927979,0.0,0.0
2024-09-11,15,Case_B_floor,80049.927979,80049.927979,0.0,0.0
2024-09-11,16,Case_B_floor,80107.26393700001,80107.26393700001,0.0,0.0
2024-09-11,17,Case_B_floor,80107.26393700001,80107.26393700001,0.0,0.0
2024-09-11,18,Case_B_floor,80049.927979,80049.927979,0.0,0.0
2024-09-11,19,Case_B_floor,80049.927979,80049.927979,0.0,0.0
2024-09-11,20,Case_B_floor,80049.927979,80049.927979,0.0,0.0
2024-09-11,21,Case_B_floor,80049.927979,80049.927979,0.0,0.0
2024-09-11,22,Case_B_floor,60000.0,60000.0,0.0,0.0
2024-09-11,23,Case_B_floor,61935.322860681816,61935.322860681816,0.0,0.0
2024-09-11,24,Case_B_floor,61890.262443681815,61890.262443681815,0.0,0.0
2024-09-11,1,Case_C_mixed,61890.262443681815,61890.262443681815,0.0,0.0
2024-09-11,2,Case_C_mixed,61845.202026681814,61845.202026681814,0.0,0.0
2024-09-11,3,Case_C_mixed,61845.202026681814,61845.202026681814,0.0,0.0
2024-09-11,4,Case_C_mixed,60000.0,60000.0,0.0,0.0
2024-09-11,5,Case_C_mixed,60000.0,60000.0,0.0,0.0
2024-09-11,6,Case_C_mixed,61845.202026681814,61845.202026681814,0.0,0.0
2024-09-11,7,Case_C_mixed,61845.202026681814,61845.202026681814,0.0,0.0
2024-09-11,8,Case_C_mixed,61890.262443681815,61890.262443681815,0.0,0.0
2024-09-11,9,Case_C_mixed,60000.0,60000.0,0.0,0.0
2024-09-11,10,Case_C_mixed,60000.0,60000.0,0.0,0.0
2024-09-11,11,Case_C_mixed,80049.927979,80049.927979,0.0,0.0
2024-09-11,12,Case_C_mixed,80049.927979,80049.927979,0.0,0.0
2024-09-11,13,Case_C_mixed,60000.0,60000.0,0.0,0.0
2024-09-11,14,Case_C_mixed,80049.927979,80049.927979,0.0,0.0
2024-09-11,15,Case_C_mixed,80049.927979,80049.927979,0.0,0.0
2024-09-11,16,Case_C_mixed,80107.26393700001,80107.26393700001,0.0,0.0
2024-09-11,17,Case_C_mixed,80107.26393700001,80107.26393700001,0.0,0.0
2024-09-11,18,Case_C_mixed,80049.927979,80049.927979,0.0,0.0
2024-09-11,19,Case_C_mixed,80049.927979,80049.927979,0.0,0.0
2024-09-11,20,Case_C_mixed,80049.927979,80049.927979,0.0,0.0
2024-09-11,21,Case_C_mixed,80049.927979,80049.927979,0.0,0.0
2024-09-11,22,Case_C_mixed,60000.0,60000.0,0.0,0.0
2024-09-11,23,Case_C_mixed,61935.322860681816,61935.322860681816,0.0,0.0
2024-09-11,24,Case_C_mixed,61890.262443681815,61890.262443681815,0.0,0.0
2024-09-11,1,Case_D_conservative,61890.262443681815,61890.262443681815,0.0,0.0
2024-09-11,2,Case_D_conservative,61845.202026681814,61845.202026681814,0.0,0.0
2024-09-11,3,Case_D_conservative,61845.202026681814,61845.202026681814,0.0,0.0
2024-09-11,4,Case_D_conservative,60000.0,60000.0,0.0,0.0
2024-09-11,5,Case_D_conservative,60000.0,60000.0,0.0,0.0
2024-09-11,6,Case_D_conservative,61845.202026681814,61845.202026681814,0.0,0.0
2024-09-11,7,Case_D_conservative,61845.202026681814,61845.202026681814,0.0,0.0
2024-09-11,8,Case_D_conservative,61890.262443681815,61890.262443681815,0.0,0.0
2024-09-11,9,Case_D_conservative,60000.0,60000.0,0.0,0.0
2024-09-11,10,Case_D_conservative,60000.0,60000.0,0.0,0.0
2024-09-11,11,Case_D_conservative,80049.927979,80049.927979,0.0,0.0
2024-09-11,12,Case_D_conservative,80049.927979,80049.927979,0.0,0.0
2024-09-11,13,Case_D_conservative,60000.0,60000.0,0.0,0.0
2024-09-11,14,Case_D_conservative,80049.927979,80049.927979,0.0,0.0
2024-09-11,15,Case_D_conservative,80049.927979,80049.927979,0.0,0.0
2024-09-11,16,Case_D_conservative,80107.26393700001,80107.26393700001,0.0,0.0
2024-09-11,17,Case_D_conservative,80107.26393700001,80107.26393700001,0.0,0.0
2024-09-11,18,Case_D_conservative,80049.927979,80049.927979,0.0,0.0
2024-09-11,19,Case_D_conservative,80049.927979,80049.927979,0.0,0.0
2024-09-11,20,Case_D_conservative,80049.927979,80049.927979,0.0,0.0
2024-09-11,21,Case_D_conservative,80049.927979,80049.927979,0.0,0.0
2024-09-11,22,Case_D_conservative,60000.0,60000.0,0.0,0.0
2024-09-11,23,Case_D_conservative,61935.322860681816,61935.322860681816,0.0,0.0
2024-09-11,24,Case_D_conservative,61890.262443681815,61890.262443681815,0.0,0.0
2024-10-20,1,Case_A_zero,29128.120595833334,29128.120595833334,0.0,0.0
2024-10-20,2,Case_A_zero,29128.120595833334,29128.120595833334,0.0,0.0
2024-10-20,3,Case_A_zero,28860.193690833334,28860.193690833334,0.0,0.0
2024-10-20,4,Case_A_zero,28860.193690833334,28860.193690833334,0.0,0.0
2024-10-20,5,Case_A_zero,28860.193690833334,28860.193690833334,0.0,0.0
2024-10-20,6,Case_A_zero,28860.193690833334,28860.193690833334,0.0,0.0
2024-10-20,7,Case_A_zero,28860.193690833334,28860.193690833334,0.0,0.0
2024-10-20,8,Case_A_zero,28860.193690833334,28860.193690833334,0.0,0.0
2024-10-20,9,Case_A_zero,28860.193690833334,28860.193690833334,0.0,0.0
2024-10-20,10,Case_A_zero,28592.266785833333,28592.266785833333,0.0,0.0
2024-10-20,11,Case_A_zero,28592.266785833333,28592.266785833333,0.0,0.0
2024-10-20,12,Case_A_zero,27012.278673166667,27012.278673166667,0.0,0.0
2024-10-20,13,Case_A_zero,28592.266785833333,28592.266785833333,0.0,0.0
2024-10-20,14,Case_A_zero,28592.266785833333,28592.266785833333,0.0,0.0
2024-10-20,15,Case_A_zero,28592.266785833333,28592.266785833333,0.0,0.0
2024-10-20,16,Case_A_zero,28860.193690833334,28860.193690833334,0.0,0.0
2024-10-20,17,Case_A_zero,29128.120595833334,29128.120595833334,0.0,0.0
2024-10-20,18,Case_A_zero,29396.047500833334,29396.047500833334,0.0,0.0
2024-10-20,19,Case_A_zero,29396.047500833334,29396.047500833334,0.0,0.0
2024-10-20,20,Case_A_zero,29396.047500833334,29396.047500833334,0.0,0.0
2024-10-20,21,Case_A_zero,29396.047500833334,29396.047500833334,0.0,0.0
2024-10-20,22,Case_A_zero,29396.047500833334,29396.047500833334,0.0,0.0
2024-10-20,23,Case_A_zero,29396.047500833334,29396.047500833334,0.0,0.0
2024-10-20,24,Case_A_zero,29128.120595833334,29128.120595833334,0.0,0.0
2024-10-20,1,Case_B_floor,29128.120595833334,29128.120595833334,0.0,0.0
2024-10-20,2,Case_B_floor,29128.120595833334,29128.120595833334,0.0,0.0
2024-10-20,3,Case_B_floor,28860.193690833334,28860.193690833334,0.0,0.0
2024-10-20,4,Case_B_floor,28860.193690833334,28860.193690833334,0.0,0.0
2024-10-20,5,Case_B_floor,28860.193690833334,28860.193690833334,0.0,0.0
2024-10-20,6,Case_B_floor,28860.193690833334,28860.193690833334,0.0,0.0
2024-10-20,7,Case_B_floor,28860.193690833334,28860.193690833334,0.0,0.0
2024-10-20,8,Case_B_floor,28860.193690833334,28860.193690833334,0.0,0.0
2024-10-20,9,Case_B_floor,28860.193690833334,28860.193690833334,0.0,0.0
2024-10-20,10,Case_B_floor,28592.266785833333,28592.266785833333,0.0,0.0
2024-10-20,11,Case_B_floor,28592.266785833333,28592.266785833333,0.0,0.0
2024-10-20,12,Case_B_floor,27012.278673166667,27012.278673166667,0.0,0.0
2024-10-20,13,Case_B_floor,28592.266785833333,28592.266785833333,0.0,0.0
2024-10-20,14,Case_B_floor,28592.266785833333,28592.266785833333,0.0,0.0
2024-10-20,15,Case_B_floor,28592.266785833333,28592.266785833333,0.0,0.0
2024-10-20,16,Case_B_floor,28860.193690833334,28860.193690833334,0.0,0.0
2024-10-20,17,Case_B_floor,29128.120595833334,29128.120595833334,0.0,0.0
2024-10-20,18,Case_B_floor,29396.047500833334,29396.047500833334,0.0,0.0
2024-10-20,19,Case_B_floor,29396.047500833334,29396.047500833334,0.0,0.0
2024-10-20,20,Case_B_floor,29396.047500833334,29396.047500833334,0.0,0.0
2024-10-20,21,Case_B_floor,29396.047500833334,29396.047500833334,0.0,0.0
2024-10-20,22,Case_B_floor,29396.047500833334,29396.047500833334,0.0,0.0
2024-10-20,23,Case_B_floor,29396.047500833334,29396.047500833334,0.0,0.0
2024-10-20,24,Case_B_floor,29128.120595833334,29128.120595833334,0.0,0.0
2024-10-20,1,Case_C_mixed,29128.120595833334,29128.120595833334,0.0,0.0
2024-10-20,2,Case_C_mixed,29128.120595833334,29128.120595833334,0.0,0.0
2024-10-20,3,Case_C_mixed,28860.193690833334,28860.193690833334,0.0,0.0
2024-10-20,4,Case_C_mixed,28860.193690833334,28860.193690833334,0.0,0.0
2024-10-20,5,Case_C_mixed,28860.193690833334,28860.193690833334,0.0,0.0
2024-10-20,6,Case_C_mixed,28860.193690833334,28860.193690833334,0.0,0.0
2024-10-20,7,Case_C_mixed,28860.193690833334,28860.193690833334,0.0,0.0
2024-10-20,8,Case_C_mixed,28860.193690833334,28860.193690833334,0.0,0.0
2024-10-20,9,Case_C_mixed,28860.193690833334,28860.193690833334,0.0,0.0
2024-10-20,10,Case_C_mixed,28592.266785833333,28592.266785833333,0.0,0.0
2024-10-20,11,Case_C_mixed,28592.266785833333,28592.266785833333,0.0,0.0
2024-10-20,12,Case_C_mixed,27012.278673166667,27012.278673166667,0.0,0.0
2024-10-20,13,Case_C_mixed,28592.266785833333,28592.266785833333,0.0,0.0
2024-10-20,14,Case_C_mixed,28592.266785833333,28592.266785833333,0.0,0.0
2024-10-20,15,Case_C_mixed,28592.266785833333,28592.266785833333,0.0,0.0
2024-10-20,16,Case_C_mixed,28860.193690833334,28860.193690833334,0.0,0.0
2024-10-20,17,Case_C_mixed,29128.120595833334,29128.120595833334,0.0,0.0
2024-10-20,18,Case_C_mixed,29396.047500833334,29396.047500833334,0.0,0.0
2024-10-20,19,Case_C_mixed,29396.047500833334,29396.047500833334,0.0,0.0
2024-10-20,20,Case_C_mixed,29396.047500833334,29396.047500833334,0.0,0.0
2024-10-20,21,Case_C_mixed,29396.047500833334,29396.047500833334,0.0,0.0
2024-10-20,22,Case_C_mixed,29396.047500833334,29396.047500833334,0.0,0.0
2024-10-20,23,Case_C_mixed,29396.047500833334,29396.047500833334,0.0,0.0
2024-10-20,24,Case_C_mixed,29128.120595833334,29128.120595833334,0.0,0.0
2024-10-20,1,Case_D_conservative,29128.120595833334,29128.120595833334,0.0,0.0
2024-10-20,2,Case_D_conservative,29128.120595833334,29128.120595833334,0.0,0.0
2024-10-20,3,Case_D_conservative,28860.193690833334,28860.193690833334,0.0,0.0
2024-10-20,4,Case_D_conservative,28860.193690833334,28860.193690833334,0.0,0.0
2024-10-20,5,Case_D_conservative,28860.193690833334,28860.193690833334,0.0,0.0
2024-10-20,6,Case_D_conservative,28860.193690833334,28860.193690833334,0.0,0.0
2024-10-20,7,Case_D_conservative,28860.193690833334,28860.193690833334,0.0,0.0
2024-10-20,8,Case_D_conservative,28860.193690833334,28860.193690833334,0.0,0.0
2024-10-20,9,Case_D_conservative,28860.193690833334,28860.193690833334,0.0,0.0
2024-10-20,10,Case_D_conservative,28592.266785833333,28592.266785833333,0.0,0.0
2024-10-20,11,Case_D_conservative,28592.266785833333,28592.266785833333,0.0,0.0
2024-10-20,12,Case_D_conservative,27012.278673166667,27012.278673166667,0.0,0.0
2024-10-20,13,Case_D_conservative,28592.266785833333,28592.266785833333,0.0,0.0
2024-10-20,14,Case_D_conservative,28592.266785833333,28592.266785833333,0.0,0.0
2024-10-20,15,Case_D_conservative,28592.266785833333,28592.266785833333,0.0,0.0
2024-10-20,16,Case_D_conservative,28860.193690833334,28860.193690833334,0.0,0.0
2024-10-20,17,Case_D_conservative,29128.120595833334,29128.120595833334,0.0,0.0
2024-10-20,18,Case_D_conservative,29396.047500833334,29396.047500833334,0.0,0.0
2024-10-20,19,Case_D_conservative,29396.047500833334,29396.047500833334,0.0,0.0
2024-10-20,20,Case_D_conservative,29396.047500833334,29396.047500833334,0.0,0.0
2024-10-20,21,Case_D_conservative,29396.047500833334,29396.047500833334,0.0,0.0
2024-10-20,22,Case_D_conservative,29396.047500833334,29396.047500833334,0.0,0.0
2024-10-20,23,Case_D_conservative,29396.047500833334,29396.047500833334,0.0,0.0
2024-10-20,24,Case_D_conservative,29128.120595833334,29128.120595833334,0.0,0.0
2024-10-25,1,Case_A_zero,29396.047500833334,29396.047500833334,0.0,0.0
2024-10-25,2,Case_A_zero,29396.047500833334,29396.047500833334,0.0,0.0
2024-10-25,3,Case_A_zero,29128.120595833334,29128.120595833334,0.0,0.0
2024-10-25,4,Case_A_zero,29128.120595833334,29128.120595833334,0.0,0.0
2024-10-25,5,Case_A_zero,29128.120595833334,29128.120595833334,0.0,0.0
2024-10-25,6,Case_A_zero,29128.120595833334,29128.120595833334,0.0,0.0
2024-10-25,7,Case_A_zero,29396.047500833334,29396.047500833334,0.0,0.0
2024-10-25,8,Case_A_zero,60000.0,60000.0,0.0,0.0
2024-10-25,9,Case_A_zero,60000.0,60000.0,0.0,0.0
2024-10-25,10,Case_A_zero,29396.047500833334,29396.047500833334,0.0,0.0
2024-10-25,11,Case_A_zero,29128.120595833334,29128.120595833334,0.0,0.0
2024-10-25,12,Case_A_zero,29128.120595833334,29128.120595833334,0.0,0.0
2024-10-25,13,Case_A_zero,29128.120595833334,29128.120595833334,0.0,0.0
2024-10-25,14,Case_A_zero,29396.047500833334,29396.047500833334,0.0,0.0
2024-10-25,15,Case_A_zero,60000.0,60000.0,0.0,0.0
2024-10-25,16,Case_A_zero,60000.0,60000.0,0.0,0.0
2024-10-25,17,Case_A_zero,61845.202026681814,61845.202026681814,0.0,0.0
2024-10-25,18,Case_A_zero,61845.202026681814,61845.202026681814,0.0,0.0
2024-10-25,19,Case_A_zero,61845.202026681814,61845.202026681814,0.0,0.0
2024-10-25,20,Case_A_zero,60000.0,60000.0,0.0,0.0
2024-10-25,21,Case_A_zero,60000.0,60000.0,0.0,0.0
2024-10-25,22,Case_A_zero,60000.0,60000.0,0.0,0.0
2024-10-25,23,Case_A_zero,60000.0,60000.0,0.0,0.0
2024-10-25,24,Case_A_zero,60000.0,60000.0,0.0,0.0
2024-10-25,1,Case_B_floor,29396.047500833334,29396.047500833334,0.0,0.0
2024-10-25,2,Case_B_floor,29396.047500833334,29396.047500833334,0.0,0.0
2024-10-25,3,Case_B_floor,29128.120595833334,29128.120595833334,0.0,0.0
2024-10-25,4,Case_B_floor,29128.120595833334,29128.120595833334,0.0,0.0
2024-10-25,5,Case_B_floor,29128.120595833334,29128.120595833334,0.0,0.0
2024-10-25,6,Case_B_floor,29128.120595833334,29128.120595833334,0.0,0.0
2024-10-25,7,Case_B_floor,29396.047500833334,29396.047500833334,0.0,0.0
2024-10-25,8,Case_B_floor,60000.0,60000.0,0.0,0.0
2024-10-25,9,Case_B_floor,60000.0,60000.0,0.0,0.0
2024-10-25,10,Case_B_floor,29396.047500833334,29396.047500833334,0.0,0.0
2024-10-25,11,Case_B_floor,29128.120595833334,29128.120595833334,0.0,0.0
2024-10-25,12,Case_B_floor,29128.120595833334,29128.120595833334,0.0,0.0
2024-10-25,13,Case_B_floor,29128.120595833334,29128.120595833334,0.0,0.0
2024-10-25,14,Case_B_floor,29396.047500833334,29396.047500833334,0.0,0.0
2024-10-25,15,Case_B_floor,60000.0,60000.0,0.0,0.0
2024-10-25,16,Case_B_floor,60000.0,60000.0,0.0,0.0
2024-10-25,17,Case_B_floor,61845.202026681814,61845.202026681814,0.0,0.0
2024-10-25,18,Case_B_floor,61845.202026681814,61845.202026681814,0.0,0.0
2024-10-25,19,Case_B_floor,61845.202026681814,61845.202026681814,0.0,0.0
2024-10-25,20,Case_B_floor,60000.0,60000.0,0.0,0.0
2024-10-25,21,Case_B_floor,60000.0,60000.0,0.0,0.0
2024-10-25,22,Case_B_floor,60000.0,60000.0,0.0,0.0
2024-10-25,23,Case_B_floor,60000.0,60000.0,0.0,0.0
2024-10-25,24,Case_B_floor,60000.0,60000.0,0.0,0.0
2024-10-25,1,Case_C_mixed,29396.047500833334,29396.047500833334,0.0,0.0
2024-10-25,2,Case_C_mixed,29396.047500833334,29396.047500833334,0.0,0.0
2024-10-25,3,Case_C_mixed,29128.120595833334,29128.120595833334,0.0,0.0
2024-10-25,4,Case_C_mixed,29128.120595833334,29128.120595833334,0.0,0.0
2024-10-25,5,Case_C_mixed,29128.120595833334,29128.120595833334,0.0,0.0
2024-10-25,6,Case_C_mixed,29128.120595833334,29128.120595833334,0.0,0.0
2024-10-25,7,Case_C_mixed,29396.047500833334,29396.047500833334,0.0,0.0
2024-10-25,8,Case_C_mixed,60000.0,60000.0,0.0,0.0
2024-10-25,9,Case_C_mixed,60000.0,60000.0,0.0,0.0
2024-10-25,10,Case_C_mixed,29396.047500833334,29396.047500833334,0.0,0.0
2024-10-25,11,Case_C_mixed,29128.120595833334,29128.120595833334,0.0,0.0
2024-10-25,12,Case_C_mixed,29128.120595833334,29128.120595833334,0.0,0.0
2024-10-25,13,Case_C_mixed,29128.120595833334,29128.120595833334,0.0,0.0
2024-10-25,14,Case_C_mixed,29396.047500833334,29396.047500833334,0.0,0.0
2024-10-25,15,Case_C_mixed,60000.0,60000.0,0.0,0.0
2024-10-25,16,Case_C_mixed,60000.0,60000.0,0.0,0.0
2024-10-25,17,Case_C_mixed,61845.202026681814,61845.202026681814,0.0,0.0
2024-10-25,18,Case_C_mixed,61845.202026681814,61845.202026681814,0.0,0.0
2024-10-25,19,Case_C_mixed,61845.202026681814,61845.202026681814,0.0,0.0
2024-10-25,20,Case_C_mixed,60000.0,60000.0,0.0,0.0
2024-10-25,21,Case_C_mixed,60000.0,60000.0,0.0,0.0
2024-10-25,22,Case_C_mixed,60000.0,60000.0,0.0,0.0
2024-10-25,23,Case_C_mixed,60000.0,60000.0,0.0,0.0
2024-10-25,24,Case_C_mixed,60000.0,60000.0,0.0,0.0
2024-10-25,1,Case_D_conservative,29396.047500833334,29396.047500833334,0.0,0.0
2024-10-25,2,Case_D_conservative,29396.047500833334,29396.047500833334,0.0,0.0
2024-10-25,3,Case_D_conservative,29128.120595833334,29128.120595833334,0.0,0.0
2024-10-25,4,Case_D_conservative,29128.120595833334,29128.120595833334,0.0,0.0
2024-10-25,5,Case_D_conservative,29128.120595833334,29128.120595833334,0.0,0.0
2024-10-25,6,Case_D_conservative,29128.120595833334,29128.120595833334,0.0,0.0
2024-10-25,7,Case_D_conservative,29396.047500833334,29396.047500833334,0.0,0.0
2024-10-25,8,Case_D_conservative,60000.0,60000.0,0.0,0.0
2024-10-25,9,Case_D_conservative,60000.0,60000.0,0.0,0.0
2024-10-25,10,Case_D_conservative,29396.047500833334,29396.047500833334,0.0,0.0
2024-10-25,11,Case_D_conservative,29128.120595833334,29128.120595833334,0.0,0.0
2024-10-25,12,Case_D_conservative,29128.120595833334,29128.120595833334,0.0,0.0
2024-10-25,13,Case_D_conservative,29128.120595833334,29128.120595833334,0.0,0.0
2024-10-25,14,Case_D_conservative,29396.047500833334,29396.047500833334,0.0,0.0
2024-10-25,15,Case_D_conservative,60000.0,60000.0,0.0,0.0
2024-10-25,16,Case_D_conservative,60000.0,60000.0,0.0,0.0
2024-10-25,17,Case_D_conservative,61845.202026681814,61845.202026681814,0.0,0.0
2024-10-25,18,Case_D_conservative,61845.202026681814,61845.202026681814,0.0,0.0
2024-10-25,19,Case_D_conservative,61845.202026681814,61845.202026681814,0.0,0.0
2024-10-25,20,Case_D_conservative,60000.0,60000.0,0.0,0.0
2024-10-25,21,Case_D_conservative,60000.0,60000.0,0.0,0.0
2024-10-25,22,Case_D_conservative,60000.0,60000.0,0.0,0.0
2024-10-25,23,Case_D_conservative,60000.0,60000.0,0.0,0.0
2024-10-25,24,Case_D_conservative,60000.0,60000.0,0.0,0.0
2024-12-24,1,Case_A_zero,60000.0,60000.0,0.0,0.0
2024-12-24,2,Case_A_zero,60000.0,60000.0,0.0,0.0
2024-12-24,3,Case_A_zero,60000.0,60000.0,0.0,0.0
2024-12-24,4,Case_A_zero,60000.0,60000.0,0.0,0.0
2024-12-24,5,Case_A_zero,60000.0,60000.0,0.0,0.0
2024-12-24,6,Case_A_zero,60000.0,60000.0,0.0,0.0
2024-12-24,7,Case_A_zero,61845.202026681814,61845.202026681814,0.0,0.0
2024-12-24,8,Case_A_zero,61890.262443681815,61890.262443681815,0.0,0.0
2024-12-24,9,Case_A_zero,60000.0,60000.0,0.0,0.0
2024-12-24,10,Case_A_zero,61935.322860681816,61935.322860681816,0.0,0.0
2024-12-24,11,Case_A_zero,61890.262443681815,61890.262443681815,0.0,0.0
2024-12-24,12,Case_A_zero,61845.202026681814,61845.202026681814,0.0,0.0
2024-12-24,13,Case_A_zero,60000.0,60000.0,0.0,0.0
2024-12-24,14,Case_A_zero,61845.202026681814,61845.202026681814,0.0,0.0
2024-12-24,15,Case_A_zero,61845.202026681814,61845.202026681814,0.0,0.0
2024-12-24,16,Case_A_zero,61890.262443681815,61890.262443681815,0.0,0.0
2024-12-24,17,Case_A_zero,61935.322860681816,61935.322860681816,0.0,0.0
2024-12-24,18,Case_A_zero,61935.322860681816,61935.322860681816,0.0,0.0
2024-12-24,19,Case_A_zero,61890.262443681815,61890.262443681815,0.0,0.0
2024-12-24,20,Case_A_zero,61890.262443681815,61890.262443681815,0.0,0.0
2024-12-24,21,Case_A_zero,61890.262443681815,61890.262443681815,0.0,0.0
2024-12-24,22,Case_A_zero,61845.202026681814,61845.202026681814,0.0,0.0
2024-12-24,23,Case_A_zero,61845.202026681814,61845.202026681814,0.0,0.0
2024-12-24,24,Case_A_zero,61845.202026681814,61845.202026681814,0.0,0.0
2024-12-24,1,Case_B_floor,60000.0,60000.0,0.0,0.0
2024-12-24,2,Case_B_floor,60000.0,60000.0,0.0,0.0
2024-12-24,3,Case_B_floor,60000.0,60000.0,0.0,0.0
2024-12-24,4,Case_B_floor,60000.0,60000.0,0.0,0.0
2024-12-24,5,Case_B_floor,60000.0,60000.0,0.0,0.0
2024-12-24,6,Case_B_floor,60000.0,60000.0,0.0,0.0
2024-12-24,7,Case_B_floor,61845.202026681814,61845.202026681814,0.0,0.0
2024-12-24,8,Case_B_floor,61890.262443681815,61890.262443681815,0.0,0.0
2024-12-24,9,Case_B_floor,60000.0,60000.0,0.0,0.0
2024-12-24,10,Case_B_floor,61935.322860681816,61935.322860681816,0.0,0.0
2024-12-24,11,Case_B_floor,61890.262443681815,61890.262443681815,0.0,0.0
2024-12-24,12,Case_B_floor,61845.202026681814,61845.202026681814,0.0,0.0
2024-12-24,13,Case_B_floor,60000.0,60000.0,0.0,0.0
2024-12-24,14,Case_B_floor,61845.202026681814,61845.202026681814,0.0,0.0
2024-12-24,15,Case_B_floor,61845.202026681814,61845.202026681814,0.0,0.0
2024-12-24,16,Case_B_floor,61890.262443681815,61890.262443681815,0.0,0.0
2024-12-24,17,Case_B_floor,61935.322860681816,61935.322860681816,0.0,0.0
2024-12-24,18,Case_B_floor,61935.322860681816,61935.322860681816,0.0,0.0
2024-12-24,19,Case_B_floor,61890.262443681815,61890.262443681815,0.0,0.0
2024-12-24,20,Case_B_floor,61890.262443681815,61890.262443681815,0.0,0.0
2024-12-24,21,Case_B_floor,61890.262443681815,61890.262443681815,0.0,0.0
2024-12-24,22,Case_B_floor,61845.202026681814,61845.202026681814,0.0,0.0
2024-12-24,23,Case_B_floor,61845.202026681814,61845.202026681814,0.0,0.0
2024-12-24,24,Case_B_floor,61845.202026681814,61845.202026681814,0.0,0.0
2024-12-24,1,Case_C_mixed,60000.0,60000.0,0.0,0.0
2024-12-24,2,Case_C_mixed,60000.0,60000.0,0.0,0.0
2024-12-24,3,Case_C_mixed,60000.0,60000.0,0.0,0.0
2024-12-24,4,Case_C_mixed,60000.0,60000.0,0.0,0.0
2024-12-24,5,Case_C_mixed,60000.0,60000.0,0.0,0.0
2024-12-24,6,Case_C_mixed,60000.0,60000.0,0.0,0.0
2024-12-24,7,Case_C_mixed,61845.202026681814,61845.202026681814,0.0,0.0
2024-12-24,8,Case_C_mixed,61890.262443681815,61890.262443681815,0.0,0.0
2024-12-24,9,Case_C_mixed,60000.0,60000.0,0.0,0.0
2024-12-24,10,Case_C_mixed,61935.322860681816,61935.322860681816,0.0,0.0
2024-12-24,11,Case_C_mixed,61890.262443681815,61890.262443681815,0.0,0.0
2024-12-24,12,Case_C_mixed,61845.202026681814,61845.202026681814,0.0,0.0
2024-12-24,13,Case_C_mixed,60000.0,60000.0,0.0,0.0
2024-12-24,14,Case_C_mixed,61845.202026681814,61845.202026681814,0.0,0.0
2024-12-24,15,Case_C_mixed,61845.202026681814,61845.202026681814,0.0,0.0
2024-12-24,16,Case_C_mixed,61890.262443681815,61890.262443681815,0.0,0.0
2024-12-24,17,Case_C_mixed,61935.322860681816,61935.322860681816,0.0,0.0
2024-12-24,18,Case_C_mixed,61935.322860681816,61935.322860681816,0.0,0.0
2024-12-24,19,Case_C_mixed,61890.262443681815,61890.262443681815,0.0,0.0
2024-12-24,20,Case_C_mixed,61890.262443681815,61890.262443681815,0.0,0.0
2024-12-24,21,Case_C_mixed,61890.262443681815,61890.262443681815,0.0,0.0
2024-12-24,22,Case_C_mixed,61845.202026681814,61845.202026681814,0.0,0.0
2024-12-24,23,Case_C_mixed,61845.202026681814,61845.202026681814,0.0,0.0
2024-12-24,24,Case_C_mixed,61845.202026681814,61845.202026681814,0.0,0.0
2024-12-24,1,Case_D_conservative,60000.0,60000.0,0.0,0.0
2024-12-24,2,Case_D_conservative,60000.0,60000.0,0.0,0.0
2024-12-24,3,Case_D_conservative,60000.0,60000.0,0.0,0.0
2024-12-24,4,Case_D_conservative,60000.0,60000.0,0.0,0.0
2024-12-24,5,Case_D_conservative,60000.0,60000.0,0.0,0.0
2024-12-24,6,Case_D_conservative,60000.0,60000.0,0.0,0.0
2024-12-24,7,Case_D_conservative,61845.202026681814,61845.202026681814,0.0,0.0
2024-12-24,8,Case_D_conservative,61890.262443681815,61890.262443681815,0.0,0.0
2024-12-24,9,Case_D_conservative,60000.0,60000.0,0.0,0.0
2024-12-24,10,Case_D_conservative,61935.322860681816,61935.322860681816,0.0,0.0
2024-12-24,11,Case_D_conservative,61890.262443681815,61890.262443681815,0.0,0.0
2024-12-24,12,Case_D_conservative,61845.202026681814,61845.202026681814,0.0,0.0
2024-12-24,13,Case_D_conservative,60000.0,60000.0,0.0,0.0
2024-12-24,14,Case_D_conservative,61845.202026681814,61845.202026681814,0.0,0.0
2024-12-24,15,Case_D_conservative,61845.202026681814,61845.202026681814,0.0,0.0
2024-12-24,16,Case_D_conservative,61890.262443681815,61890.262443681815,0.0,0.0
2024-12-24,17,Case_D_conservative,61935.322860681816,61935.322860681816,0.0,0.0
2024-12-24,18,Case_D_conservative,61935.322860681816,61935.322860681816,0.0,0.0
2024-12-24,19,Case_D_conservative,61890.262443681815,61890.262443681815,0.0,0.0
2024-12-24,20,Case_D_conservative,61890.262443681815,61890.262443681815,0.0,0.0
2024-12-24,21,Case_D_conservative,61890.262443681815,61890.262443681815,0.0,0.0
2024-12-24,22,Case_D_conservative,61845.202026681814,61845.202026681814,0.0,0.0
2024-12-24,23,Case_D_conservative,61845.202026681814,61845.202026681814,0.0,0.0
2024-12-24,24,Case_D_conservative,61845.202026681814,61845.202026681814,0.0,0.0
